station_id,station_code,station_name,sample_date,DOC,Color,NH4-N,NO3-N,TRP,POC,SPM,SiO2,Si,TOC,TOTN_EF_usikker,TOTN,TDP,PP,TOTP,TSM,UV_Abs_254nm,UV_Abs_410nm
40356,GLO1,"Glomma, Sarpsfossen",1990-01-10 00:00:00,3.12,,,365.0,6.0,,,,,3.27,,564.0,,,11.0,3.5,,
40356,GLO1,"Glomma, Sarpsfossen",1990-02-12 00:00:00,3.12,,,505.0,55.0,,,,,3.27,,774.0,,,100.0,100.8,,
40356,GLO1,"Glomma, Sarpsfossen",1990-03-14 00:00:00,3.12,,,435.0,20.0,,,,,3.27,,680.0,,,35.0,26.8,,
40356,GLO1,"Glomma, Sarpsfossen",1990-04-04 00:00:00,3.81,,,440.0,16.0,,,,,3.88,,654.0,,,27.0,15.3,,
40356,GLO1,"Glomma, Sarpsfossen",1990-04-26 00:00:00,5.62,,,375.0,5.5,,,,,5.64,,566.0,,,15.0,7.1,,
40356,GLO1,"Glomma, Sarpsfossen",1990-05-08 00:00:00,4.39,,,173.0,7.0,,,,,4.77,,347.0,,,15.0,10.0,,
40356,GLO1,"Glomma, Sarpsfossen",1990-05-25 00:00:00,2.81,,,230.0,1.5,,,,,2.94,,363.0,,,10.0,2.3,,
40356,GLO1,"Glomma, Sarpsfossen",1990-06-07 00:00:00,2.6,,,215.0,2.0,,,,,2.75,,365.0,,,8.0,3.6,,
40356,GLO1,"Glomma, Sarpsfossen",1990-06-19 00:00:00,2.25,,,235.0,2.0,,,,,2.62,,383.0,,,11.0,3.1,,
40356,GLO1,"Glomma, Sarpsfossen",1990-07-04 00:00:00,2.89,,,290.0,2.0,,,,,3.13,,426.0,,,10.0,4.1,,
40356,GLO1,"Glomma, Sarpsfossen",1990-07-19 00:00:00,3.82,,,198.0,2.0,,,,,3.82,,461.0,,,12.0,5.8,,
40356,GLO1,"Glomma, Sarpsfossen",1990-08-15 00:00:00,2.63,,,220.0,1.0,,,,,2.69,,329.0,,,6.0,1.4,,
40356,GLO1,"Glomma, Sarpsfossen",1990-09-07 00:00:00,2.68,,,190.0,2.0,,,,,2.68,,321.0,,,7.0,2.5,,
40356,GLO1,"Glomma, Sarpsfossen",1990-10-16 00:00:00,0.9,,,295.0,2.0,,,,,0.9,,431.0,,,7.0,1.4,,
40356,GLO1,"Glomma, Sarpsfossen",1990-11-13 00:00:00,2.82,,,330.0,2.0,,,,,2.82,,471.0,,,7.0,2.3,,
40356,GLO1,"Glomma, Sarpsfossen",1990-12-12 00:00:00,3.36,,,325.0,1.0,,,,,3.89,,483.0,,,7.0,1.4,,
40356,GLO1,"Glomma, Sarpsfossen",1991-01-07 00:00:00,3.74,,,930.0,25.0,,,,,3.8,,1200.0,,,42.0,24.8,,
40356,GLO1,"Glomma, Sarpsfossen",1991-01-23 00:00:00,2.8,,,575.0,14.0,,,,,2.82,,782.0,,,16.0,5.84,,
40356,GLO1,"Glomma, Sarpsfossen",1991-02-07 00:00:00,2.59,,,365.0,3.0,,,,,2.65,,539.0,,,7.0,1.5,,
40356,GLO1,"Glomma, Sarpsfossen",1991-02-19 00:00:00,2.61,,,345.0,2.0,,,,,2.63,,495.0,,,5.0,0.91,,
40356,GLO1,"Glomma, Sarpsfossen",1991-03-04 00:00:00,2.88,,,325.0,2.0,,,,,2.89,,497.0,,,8.0,2.1,,
40356,GLO1,"Glomma, Sarpsfossen",1991-03-20 00:00:00,3.94,,,650.0,61.0,,,,,4.19,,1095.0,,,171.0,23.3,,
40356,GLO1,"Glomma, Sarpsfossen",1991-04-09 00:00:00,3.49,,,585.0,20.0,,,,,3.52,,896.0,,,38.0,8.34,,
40356,GLO1,"Glomma, Sarpsfossen",1991-04-23 00:00:00,5.99,,,340.0,8.0,,,,,6.08,,563.0,,,17.0,7.22,,
40356,GLO1,"Glomma, Sarpsfossen",1991-05-14 00:00:00,5.02,,,320.0,3.0,,,,,5.02,,528.0,,,12.0,4.06,,
40356,GLO1,"Glomma, Sarpsfossen",1991-06-05 00:00:00,3.27,,,186.0,2.0,,,,,3.35,,336.0,,,9.0,3.28,,
40356,GLO1,"Glomma, Sarpsfossen",1991-06-19 00:00:00,2.36,,,186.0,2.0,,,,,2.36,,330.0,,,9.0,2.98,,
40356,GLO1,"Glomma, Sarpsfossen",1991-07-02 00:00:00,5.19,,,250.0,4.0,,,,,5.25,,459.0,,,13.0,6.07,,
40356,GLO1,"Glomma, Sarpsfossen",1991-07-17 00:00:00,3.12,,,240.0,3.0,,,,,3.32,,396.0,,,11.0,5.78,,
40356,GLO1,"Glomma, Sarpsfossen",1991-08-14 00:00:00,2.71,,,235.0,2.0,,,,,2.71,,381.0,,,10.0,3.48,,
40356,GLO1,"Glomma, Sarpsfossen",1991-09-12 00:00:00,2.3,,,165.0,2.0,,,,,2.51,,378.0,,,7.0,2.36,,
40356,GLO1,"Glomma, Sarpsfossen",1991-10-16 00:00:00,2.84,,,380.0,3.0,,,,,2.97,,522.0,,,9.0,3.42,,
40356,GLO1,"Glomma, Sarpsfossen",1991-11-11 00:00:00,4.99,,,540.0,15.0,,,,,4.99,,768.0,,,30.0,10.9,,
40356,GLO1,"Glomma, Sarpsfossen",1991-12-12 00:00:00,4.94,,,420.0,6.0,,,,,4.94,,635.0,,,13.0,3.73,,
40356,GLO1,"Glomma, Sarpsfossen",1992-01-16 00:00:00,,,,415.0,4.0,,,,,2.4,,537.0,,,9.0,3.16,,
40356,GLO1,"Glomma, Sarpsfossen",1992-02-05 00:00:00,,,65.0,345.0,4.0,,,,,2.6,,518.0,,,9.0,3.22,,
40356,GLO1,"Glomma, Sarpsfossen",1992-02-20 00:00:00,,,40.0,380.0,3.0,,,,,2.7,,533.0,,,9.0,2.97,,
40356,GLO1,"Glomma, Sarpsfossen",1992-03-04 00:00:00,,,78.0,600.0,13.0,,,,,2.4,,815.0,,,26.0,2.17,,
40356,GLO1,"Glomma, Sarpsfossen",1992-03-23 00:00:00,,,48.0,815.0,22.0,,,,,5.1,,1028.0,,,43.0,21.31,,
40356,GLO1,"Glomma, Sarpsfossen",1992-04-08 00:00:00,,,48.0,535.0,14.0,,,,,4.6,,716.0,,,28.0,17.61,,
40356,GLO1,"Glomma, Sarpsfossen",1992-04-27 00:00:00,,,55.0,725.0,19.0,,,,,5.3,,962.0,,,31.0,17.51,,
40356,GLO1,"Glomma, Sarpsfossen",1992-05-13 00:00:00,,,34.0,355.0,11.0,,,,,8.7,,618.0,,,26.0,12.89,,
40356,GLO1,"Glomma, Sarpsfossen",1992-05-29 00:00:00,,,14.0,305.0,7.0,,,,,6.2,,488.0,,,18.0,11.29,,
40356,GLO1,"Glomma, Sarpsfossen",1992-06-11 00:00:00,2.4,,46.0,225.0,4.0,,,,,3.1,,383.0,,,14.0,5.41,,
40356,GLO1,"Glomma, Sarpsfossen",1992-06-24 00:00:00,,,57.0,210.0,5.0,,,,,2.2,,350.0,,,9.0,2.31,,
40356,GLO1,"Glomma, Sarpsfossen",1992-07-06 00:00:00,,,18.0,155.0,2.0,,,,,2.6,,314.0,,,10.0,3.24,,
40356,GLO1,"Glomma, Sarpsfossen",1992-07-23 00:00:00,,,22.0,205.0,3.0,,,,,2.7,,356.0,,,37.0,4.18,,
40356,GLO1,"Glomma, Sarpsfossen",1992-08-03 00:00:00,,,9.0,195.0,2.0,,,,,2.1,,372.0,,,8.0,3.04,,
40356,GLO1,"Glomma, Sarpsfossen",1992-09-01 00:00:00,,,15.0,240.0,4.0,,,,,4.3,,392.0,,,12.0,4.59,,
40356,GLO1,"Glomma, Sarpsfossen",1992-10-07 00:00:00,,,24.0,240.0,1.0,,,,,4.2,,389.0,,,5.0,1.62,,
40356,GLO1,"Glomma, Sarpsfossen",1992-11-06 00:00:00,,,24.0,625.0,9.0,,,,,4.6,,785.0,,,17.0,3.95,,
40356,GLO1,"Glomma, Sarpsfossen",1992-12-03 00:00:00,,,56.0,1010.0,8.0,,,,,9.3,,1460.0,,,77.0,155.0,,
40356,GLO1,"Glomma, Sarpsfossen",1993-01-12 00:00:00,,,58.0,405.0,32.0,,,,,,,640.0,,,56.0,45.7,,
40356,GLO1,"Glomma, Sarpsfossen",1993-02-19 00:00:00,,,28.0,365.0,4.0,,,,,4.1,,520.0,,,9.0,4.61,,
40356,GLO1,"Glomma, Sarpsfossen",1993-03-18 00:00:00,,,71.0,510.0,26.0,,,,,,,760.0,,,41.0,29.7,,
40356,GLO1,"Glomma, Sarpsfossen",1993-04-16 00:00:00,,,18.0,495.0,7.0,,,,,3.9,,710.0,,,15.0,10.9,,
40356,GLO1,"Glomma, Sarpsfossen",1993-05-19 00:00:00,,,16.0,250.0,5.0,,,,,4.2,,440.0,,,12.0,5.61,,
40356,GLO1,"Glomma, Sarpsfossen",1993-06-07 00:00:00,,,16.0,280.0,2.0,,,,,2.8,,415.0,,,8.0,3.59,,
40356,GLO1,"Glomma, Sarpsfossen",1993-07-05 00:00:00,,,16.0,210.0,2.0,,,,,2.2,,370.0,,,10.0,3.31,,
40356,GLO1,"Glomma, Sarpsfossen",1993-08-13 00:00:00,,,15.0,245.0,4.0,,,,,3.6,,430.0,,,9.0,5.03,,
40356,GLO1,"Glomma, Sarpsfossen",1993-09-15 00:00:00,,,11.0,150.0,2.0,,,,,3.1,,400.0,,,8.0,1.91,,
40356,GLO1,"Glomma, Sarpsfossen",1993-10-15 00:00:00,,,23.0,410.0,5.0,,,,,4.9,,640.0,,,14.0,3.48,,
40356,GLO1,"Glomma, Sarpsfossen",1993-11-12 00:00:00,,,12.0,315.0,2.0,,,,,4.4,,515.0,,,8.0,4.71,,
40356,GLO1,"Glomma, Sarpsfossen",1993-12-06 00:00:00,,,58.0,920.0,29.0,,,,,6.1,,1330.0,,,54.0,29.8,,
40356,GLO1,"Glomma, Sarpsfossen",1994-01-21 00:00:00,,,40.0,375.0,3.0,,,,,,,555.0,,,7.0,2.57,,
40356,GLO1,"Glomma, Sarpsfossen",1994-02-15 00:00:00,,,48.0,350.0,3.0,,,,,,,540.0,,,15.0,1.85,,
40356,GLO1,"Glomma, Sarpsfossen",1994-03-14 00:00:00,,,60.0,460.0,15.0,,,,,,,700.0,,,26.0,12.4,,
40356,GLO1,"Glomma, Sarpsfossen",1994-04-12 00:00:00,,,52.0,635.0,23.0,,,,,,,910.0,,,38.0,29.7,,
40356,GLO1,"Glomma, Sarpsfossen",1994-05-10 00:00:00,,,14.0,230.0,5.0,,,,,,,475.0,,,17.0,8.08,,
40356,GLO1,"Glomma, Sarpsfossen",1994-06-10 00:00:00,,,24.0,225.0,2.0,,,,,,,435.0,,,9.0,3.43,,
40356,GLO1,"Glomma, Sarpsfossen",1994-07-14 00:00:00,,,11.0,235.0,2.0,,,,,,,395.0,,,7.0,3.89,,
40356,GLO1,"Glomma, Sarpsfossen",1994-08-18 00:00:00,,,16.0,235.0,2.0,,,,,,,385.0,,,8.0,4.55,,
40356,GLO1,"Glomma, Sarpsfossen",1994-09-15 00:00:00,,,20.0,530.0,2.0,,,,,,,740.0,,,13.0,7.63,,
40356,GLO1,"Glomma, Sarpsfossen",1994-10-12 00:00:00,,,27.0,320.0,3.0,,,,,,,480.0,,,8.0,2.81,,
40356,GLO1,"Glomma, Sarpsfossen",1994-11-10 00:00:00,,,26.0,425.0,3.0,,,,,,,565.0,,,8.0,2.59,,
40356,GLO1,"Glomma, Sarpsfossen",1994-12-05 00:00:00,,,43.0,540.0,3.0,,,,,,,705.0,,,9.0,5.75,,
40356,GLO1,"Glomma, Sarpsfossen",1995-01-16 00:00:00,,,48.0,625.0,11.0,,,,,,,845.0,,,20.0,13.3,,
40356,GLO1,"Glomma, Sarpsfossen",1995-02-16 00:00:00,,,60.0,650.0,9.0,,,3.4,,4.3,,920.0,,,45.0,11.3,,
40356,GLO1,"Glomma, Sarpsfossen",1995-03-13 00:00:00,,,34.0,460.0,6.0,,,3.6,,4.1,,655.0,,,11.0,6.62,,
40356,GLO1,"Glomma, Sarpsfossen",1995-04-10 00:00:00,,,23.0,535.0,12.0,,,3.4,,3.2,,750.0,,,21.0,16.7,,
40356,GLO1,"Glomma, Sarpsfossen",1995-05-10 00:00:00,,,51.0,520.0,9.0,,,3.9,,5.9,,775.0,,,20.0,11.5,,
40356,GLO1,"Glomma, Sarpsfossen",1995-05-30 00:00:00,,,,,,,,,,4.7,,435.0,,,9.0,9.6,,
40356,GLO1,"Glomma, Sarpsfossen",1995-06-01 00:00:00,,,,175.0,,,,,,5.9,,425.0,,,19.0,16.6,,
40356,GLO1,"Glomma, Sarpsfossen",1995-06-02 00:00:00,,,,205.0,,,,,,5.6,,425.0,,,30.0,20.4,,
40356,GLO1,"Glomma, Sarpsfossen",1995-06-03 00:00:00,,,,270.0,,,,,,5.8,,460.0,,,36.0,20.2,,
40356,GLO1,"Glomma, Sarpsfossen",1995-06-04 00:00:00,,,,255.0,,,,,,5.2,,460.0,,,57.0,26.6,,
40356,GLO1,"Glomma, Sarpsfossen",1995-06-05 00:00:00,,,,315.0,,,,,,5.6,,515.0,,,67.0,37.0,,
40356,GLO1,"Glomma, Sarpsfossen",1995-06-06 00:00:00,,,31.0,275.0,38.0,,,2.5,,5.8,,555.0,,,57.0,42.2,,
40356,GLO1,"Glomma, Sarpsfossen",1995-06-07 00:00:00,,,,290.0,,,,,,6.0,,600.0,,,90.0,44.0,,
40356,GLO1,"Glomma, Sarpsfossen",1995-06-08 00:00:00,,,,205.0,,,,2.6,,6.0,,475.0,,,128.0,64.0,,
40356,GLO1,"Glomma, Sarpsfossen",1995-06-09 00:00:00,,,,220.0,,,,,,5.6,,460.0,,,112.0,54.0,,
40356,GLO1,"Glomma, Sarpsfossen",1995-06-10 00:00:00,,,,218.0,,,,2.5,,4.7,,470.0,,,107.0,47.0,,
40356,GLO1,"Glomma, Sarpsfossen",1995-06-11 00:00:00,,,,245.0,,,,,,4.3,,470.0,,,80.0,36.0,,
40356,GLO1,"Glomma, Sarpsfossen",1995-06-12 00:00:00,,,,265.0,,,,2.6,,4.7,,453.0,,,78.0,27.1,,
40356,GLO1,"Glomma, Sarpsfossen",1995-06-13 00:00:00,,,,297.0,,,,,,4.2,,525.0,,,45.0,26.8,,
40356,GLO1,"Glomma, Sarpsfossen",1995-06-14 00:00:00,,,,300.0,,,,2.6,,4.4,,525.0,,,41.0,24.9,,
40356,GLO1,"Glomma, Sarpsfossen",1995-06-15 00:00:00,,,,505.0,,,,,,4.6,,730.0,,,45.0,26.2,,
40356,GLO1,"Glomma, Sarpsfossen",1995-06-16 00:00:00,,,,516.0,,,,2.6,,4.9,,710.0,,,43.0,21.6,,
40356,GLO1,"Glomma, Sarpsfossen",1995-06-17 00:00:00,,,,339.0,,,,,,4.5,,530.0,,,50.0,22.1,,
40356,GLO1,"Glomma, Sarpsfossen",1995-06-18 00:00:00,,,,397.0,,,,2.8,,4.6,,605.0,,,62.0,24.7,,
40356,GLO1,"Glomma, Sarpsfossen",1995-06-19 00:00:00,,,,456.0,,,,,,4.7,,605.0,,,51.0,19.0,,
40356,GLO1,"Glomma, Sarpsfossen",1995-06-20 00:00:00,,,,480.0,,,,2.9,,4.3,,665.0,,,41.0,15.4,,
40356,GLO1,"Glomma, Sarpsfossen",1995-06-21 00:00:00,,,,440.0,,,,,,4.4,,620.0,,,33.0,13.9,,
40356,GLO1,"Glomma, Sarpsfossen",1995-06-22 00:00:00,,,,390.0,,,,2.8,,4.5,,575.0,,,32.0,11.9,,
40356,GLO1,"Glomma, Sarpsfossen",1995-06-23 00:00:00,,,,455.0,,,,,,3.9,,595.0,,,27.0,10.4,,
40356,GLO1,"Glomma, Sarpsfossen",1995-06-24 00:00:00,,,,365.0,,,,2.8,,3.6,,555.0,,,23.0,7.5,,
40356,GLO1,"Glomma, Sarpsfossen",1995-06-25 00:00:00,,,,355.0,,,,,,3.5,,505.0,,,24.0,9.4,,
40356,GLO1,"Glomma, Sarpsfossen",1995-06-26 00:00:00,,,,350.0,,,,2.8,,3.4,,480.0,,,24.0,8.4,,
40356,GLO1,"Glomma, Sarpsfossen",1995-06-27 00:00:00,,,,345.0,,,,,,3.4,,460.0,,,20.0,7.1,,
40356,GLO1,"Glomma, Sarpsfossen",1995-06-28 00:00:00,,,,320.0,,,,2.6,,3.7,,430.0,,,18.0,7.0,,
40356,GLO1,"Glomma, Sarpsfossen",1995-06-29 00:00:00,,,,290.0,,,,,,3.9,,450.0,,,20.0,7.8,,
40356,GLO1,"Glomma, Sarpsfossen",1995-06-30 00:00:00,,,,300.0,,,,2.6,,3.8,,465.0,,,18.0,6.7,,
40356,GLO1,"Glomma, Sarpsfossen",1995-07-06 00:00:00,,,,285.0,,,,,,3.7,,465.0,,,17.0,5.3,,
40356,GLO1,"Glomma, Sarpsfossen",1995-07-12 00:00:00,,,10.0,270.0,4.1,,,2.3,,3.2,,470.0,,,13.0,3.46,,
40356,GLO1,"Glomma, Sarpsfossen",1995-07-19 00:00:00,,,,285.0,,,,,,2.9,,450.0,,,8.0,3.1,,
40356,GLO1,"Glomma, Sarpsfossen",1995-07-26 00:00:00,,,,254.0,,,,,,3.3,,465.0,,,14.0,3.5,,
40356,GLO1,"Glomma, Sarpsfossen",1995-07-31 00:00:00,,,,190.0,,,,,,3.2,,385.0,,,9.0,3.4,,
40356,GLO1,"Glomma, Sarpsfossen",1995-08-08 00:00:00,,,,215.0,,,,,,3.9,,465.0,,,14.0,4.2,,
40356,GLO1,"Glomma, Sarpsfossen",1995-08-16 00:00:00,,,5.0,225.0,3.0,,,2.1,,3.6,,445.0,,,10.0,3.67,,
40356,GLO1,"Glomma, Sarpsfossen",1995-08-28 00:00:00,,,,220.0,,,,,,2.9,,390.0,,,9.0,2.6,,
40356,GLO1,"Glomma, Sarpsfossen",1995-09-20 00:00:00,,,21.0,250.0,2.0,,,1.8,,3.2,,425.0,,,7.0,1.73,,
40356,GLO1,"Glomma, Sarpsfossen",1995-10-11 00:00:00,,,16.0,440.0,4.0,,,2.4,,4.0,,620.0,,,12.0,5.82,,
40356,GLO1,"Glomma, Sarpsfossen",1995-11-22 00:00:00,,,15.0,365.0,4.0,,,2.9,,3.3,,505.0,,,8.0,3.41,,
40356,GLO1,"Glomma, Sarpsfossen",1995-12-07 00:00:00,,,26.0,385.0,4.0,,,2.9,,3.3,,580.0,,,7.0,2.93,,
40356,GLO1,"Glomma, Sarpsfossen",1996-01-18 00:00:00,,,57.0,370.0,3.0,,,2.9,,,,535.0,,,6.0,1.64,,
40356,GLO1,"Glomma, Sarpsfossen",1996-03-04 00:00:00,,,82.0,385.0,1.0,,,2.8,,,,590.0,,,5.0,0.84,,
40356,GLO1,"Glomma, Sarpsfossen",1996-04-11 00:00:00,,,154.0,640.0,28.0,,,2.9,,,,1000.0,,,54.0,36.5,,
40356,GLO1,"Glomma, Sarpsfossen",1996-05-13 00:00:00,,,57.0,530.0,11.0,,,3.0,,,,830.0,,,23.0,13.1,,
40356,GLO1,"Glomma, Sarpsfossen",1996-05-20 00:00:00,,,102.0,625.0,5.5,,,3.1,,6.8,,945.0,,,46.7,15.4,,
40356,GLO1,"Glomma, Sarpsfossen",1996-05-22 00:00:00,,,80.0,570.0,,,,,,6.2,,880.0,,,37.1,12.3,,
40356,GLO1,"Glomma, Sarpsfossen",1996-05-24 00:00:00,,,52.0,480.0,,,,,,6.0,,760.0,,,29.4,9.4,,
40356,GLO1,"Glomma, Sarpsfossen",1996-05-28 00:00:00,,,49.0,445.0,2.0,,,2.9,,5.8,,720.0,,,27.0,8.1,,
40356,GLO1,"Glomma, Sarpsfossen",1996-05-30 00:00:00,,,34.0,340.0,,,,,,5.5,,580.0,,,24.3,8.6,,
40356,GLO1,"Glomma, Sarpsfossen",1996-06-01 00:00:00,,,47.0,340.0,,,,,,6.1,,570.0,,,19.4,8.0,,
40356,GLO1,"Glomma, Sarpsfossen",1996-06-03 00:00:00,,,58.0,400.0,1.0,,,2.9,,5.5,,635.0,,,20.4,4.7,,
40356,GLO1,"Glomma, Sarpsfossen",1996-06-05 00:00:00,,,40.0,295.0,,,,,,5.3,,520.0,,,18.2,6.2,,
40356,GLO1,"Glomma, Sarpsfossen",1996-06-07 00:00:00,,,30.0,280.0,,,,,,4.9,,510.0,,,18.1,5.9,,
40356,GLO1,"Glomma, Sarpsfossen",1996-06-09 00:00:00,,,25.0,270.0,1.0,,,,,4.7,,490.0,,,17.6,5.6,,
40356,GLO1,"Glomma, Sarpsfossen",1996-06-11 00:00:00,,,22.0,260.0,4.0,,,2.5,,4.3,,480.0,,,16.9,5.55,,
40356,GLO1,"Glomma, Sarpsfossen",1996-06-13 00:00:00,,,26.0,275.0,,,,,,4.4,,445.0,,,17.3,7.3,,
40356,GLO1,"Glomma, Sarpsfossen",1996-06-15 00:00:00,,,34.0,390.0,,,,,,3.7,,600.0,,,15.9,6.0,,
40356,GLO1,"Glomma, Sarpsfossen",1996-06-17 00:00:00,,,55.0,400.0,1.0,,,2.3,,4.1,,615.0,,,13.2,5.1,,
40356,GLO1,"Glomma, Sarpsfossen",1996-06-24 00:00:00,,,37.0,325.0,1.0,,,2.3,,4.7,,510.0,,,17.3,8.0,,
40356,GLO1,"Glomma, Sarpsfossen",1996-07-03 00:00:00,,,5.0,230.0,5.5,,,2.3,,5.1,,385.0,,,13.5,3.6,,
40356,GLO1,"Glomma, Sarpsfossen",1996-07-10 00:00:00,,,37.0,515.0,2.3,,,2.3,,3.4,,760.0,,,13.4,4.7,,
40356,GLO1,"Glomma, Sarpsfossen",1996-07-18 00:00:00,,,15.0,320.0,3.0,,,2.6,,4.0,,515.0,,,11.8,4.48,,
40356,GLO1,"Glomma, Sarpsfossen",1996-08-14 00:00:00,,,21.0,330.0,2.0,,,2.0,,,,560.0,,,8.0,3.36,,
40356,GLO1,"Glomma, Sarpsfossen",1996-09-18 00:00:00,,,11.0,250.0,2.0,,,1.9,,,,405.0,,,7.0,2.18,,
40356,GLO1,"Glomma, Sarpsfossen",1996-10-16 00:00:00,,,33.0,405.0,4.0,,,2.4,,,,635.0,,,11.0,4.87,,
40356,GLO1,"Glomma, Sarpsfossen",1996-11-14 00:00:00,,,34.0,585.0,14.0,,,3.6,,,,815.0,,,26.0,14.9,,
40356,GLO1,"Glomma, Sarpsfossen",1996-12-04 00:00:00,,,28.0,470.0,8.0,,,3.4,,,,685.0,,,17.0,8.06,,
40356,GLO1,"Glomma, Sarpsfossen",1997-01-15 00:00:00,,,48.0,405.0,2.0,,,2.8,,,,560.0,,,5.0,1.4,,
40356,GLO1,"Glomma, Sarpsfossen",1997-02-12 00:00:00,,,83.0,490.0,57.0,,,3.4,,,,780.0,,,99.0,75.5,,
40356,GLO1,"Glomma, Sarpsfossen",1997-03-19 00:00:00,,,30.0,495.0,12.0,,,3.5,,,,685.0,,,21.0,13.5,,
40356,GLO1,"Glomma, Sarpsfossen",1997-04-16 00:00:00,,,51.0,435.0,22.0,,,3.3,,,,670.0,,,36.0,26.5,,
40356,GLO1,"Glomma, Sarpsfossen",1997-05-14 00:00:00,,,52.0,800.0,13.0,,,3.42,,,,1010.0,,,22.0,14.5,,
40356,GLO1,"Glomma, Sarpsfossen",1997-06-19 00:00:00,,,9.0,195.0,3.0,,,2.1,,,,350.0,,,10.0,5.26,,
40356,GLO1,"Glomma, Sarpsfossen",1997-07-16 00:00:00,,,14.0,225.0,3.0,,,2.0,,,,395.0,,,9.0,4.84,,
40356,GLO1,"Glomma, Sarpsfossen",1997-08-11 00:00:00,,,14.0,205.0,2.0,,,1.9,,,,365.0,,,7.0,3.16,,
40356,GLO1,"Glomma, Sarpsfossen",1997-09-17 00:00:00,,,15.0,245.0,4.0,,,2.2,,,,430.0,,,10.0,4.78,,
40356,GLO1,"Glomma, Sarpsfossen",1997-10-15 00:00:00,,,18.0,270.0,2.0,,,2.4,,5.1,,425.0,,,7.0,2.33,,
40356,GLO1,"Glomma, Sarpsfossen",1997-11-19 00:00:00,,,23.0,390.0,3.0,,,3.0,,,,580.0,,,8.0,2.41,,
40356,GLO1,"Glomma, Sarpsfossen",1997-12-10 00:00:00,,,43.0,465.0,2.0,,,3.3,,,,680.0,,,10.0,4.19,,
40356,GLO1,"Glomma, Sarpsfossen",1998-01-14 00:00:00,,,34.0,695.0,6.0,,,3.4,,,,890.0,,,13.0,5.58,,
40356,GLO1,"Glomma, Sarpsfossen",1998-02-23 00:00:00,,,40.0,705.0,11.0,,,3.7,,,,930.0,,,25.0,14.6,,
40356,GLO1,"Glomma, Sarpsfossen",1998-03-23 00:00:00,,,44.0,365.0,2.0,,,3.2,,,,550.0,,,7.0,2.48,,
40356,GLO1,"Glomma, Sarpsfossen",1998-04-15 00:00:00,,,113.0,570.0,9.0,,,3.4,,,,745.0,,,16.0,9.54,,
40356,GLO1,"Glomma, Sarpsfossen",1998-05-16 00:00:00,,,15.0,195.0,5.0,,,3.0,,,,390.0,,,13.0,6.12,,
40356,GLO1,"Glomma, Sarpsfossen",1998-06-15 00:00:00,,,16.0,325.0,4.0,,,2.3,,,,490.0,,,8.0,2.74,,
40356,GLO1,"Glomma, Sarpsfossen",1998-07-22 00:00:00,,,13.0,91.0,3.0,,,2.4,,5.1,,485.0,,,9.0,4.04,,
40356,GLO1,"Glomma, Sarpsfossen",1998-08-17 00:00:00,,,21.0,260.0,5.0,,,2.6,,,,475.0,,,14.0,5.19,,
40356,GLO1,"Glomma, Sarpsfossen",1998-09-14 00:00:00,,,16.0,260.0,5.0,,,2.7,,,,440.0,,,11.0,4.43,,
40356,GLO1,"Glomma, Sarpsfossen",1998-10-20 00:00:00,,,20.0,430.0,6.0,,,3.2,,,,655.0,,,16.0,5.74,,
40356,GLO1,"Glomma, Sarpsfossen",1998-11-16 00:00:00,,,24.0,330.0,4.0,,,3.4,,,,565.0,,,12.0,5.15,,
40356,GLO1,"Glomma, Sarpsfossen",1998-12-14 00:00:00,,,27.0,380.0,3.0,,,3.5,,,,570.0,,,8.0,3.8,,
40356,GLO1,"Glomma, Sarpsfossen",1999-02-07 00:00:00,,,40.0,549.0,7.1,,,5.1344532672,,4.12,,675.0,,,,4.7,,
40356,GLO1,"Glomma, Sarpsfossen",1999-02-28 00:00:00,,,56.0,351.0,1.4,,,4.278711056,,2.98,,445.0,,,,1.2,,
40356,GLO1,"Glomma, Sarpsfossen",1999-03-22 00:00:00,,,79.0,405.0,7.6,,,3.6369043976,,3.12,,680.0,,,,4.6,,
40356,GLO1,"Glomma, Sarpsfossen",1999-04-26 00:00:00,,,56.0,387.0,23.0,,,4.9205177144,,5.56,,682.0,,,,12.8,,
40356,GLO1,"Glomma, Sarpsfossen",1999-05-02 00:00:00,,,41.0,351.0,13.0,,,3.6369043976,,5.73,,596.0,,,,8.2,,
40356,GLO1,"Glomma, Sarpsfossen",1999-05-09 00:00:00,,,41.0,280.0,11.0,,,5.7762599256,,5.49,,481.0,,,,5.3,,
40356,GLO1,"Glomma, Sarpsfossen",1999-05-24 00:00:00,,,31.0,320.0,3.4,,,4.7065821616,,4.83,,560.0,,,,6.1,,
40356,GLO1,"Glomma, Sarpsfossen",1999-05-31 00:00:00,,,16.0,202.0,4.8,,,2.9950977392,,4.22,,401.0,,,,9.1,,
40356,GLO1,"Glomma, Sarpsfossen",1999-06-07 00:00:00,,,11.0,233.0,0.97,,,2.7811621864,,3.56,,412.0,,,,4.7,,
40356,GLO1,"Glomma, Sarpsfossen",1999-06-13 00:00:00,,,15.0,245.0,1.0,,,2.7811621864,,3.25,,367.0,,,,4.9,,
40356,GLO1,"Glomma, Sarpsfossen",1999-06-20 00:00:00,,,16.0,262.0,5.0,,,2.7811621864,,3.36,,421.0,,,,5.4,,
40356,GLO1,"Glomma, Sarpsfossen",1999-06-27 00:00:00,,,8.0,353.0,6.0,,,2.5672266336,,3.29,,655.0,,,,5.2,,
40356,GLO1,"Glomma, Sarpsfossen",1999-07-31 00:00:00,,,10.0,189.0,2.4,,,2.5672266336,,3.44,,347.0,,,,3.9,,
40356,GLO1,"Glomma, Sarpsfossen",1999-08-29 00:00:00,,,22.0,177.0,1.02,,,2.5672266336,,2.92,,373.0,,,,1.7,,
40356,GLO1,"Glomma, Sarpsfossen",1999-09-28 00:00:00,,,48.0,640.0,29.0,,,2.9950977392,,3.94,,941.0,,,,17.5,,
40356,GLO1,"Glomma, Sarpsfossen",1999-10-26 00:00:00,,,33.0,356.0,12.4,,,4.0647755032,,5.04,,668.0,,,,4.6,,
40356,GLO1,"Glomma, Sarpsfossen",1999-11-28 00:00:00,,,23.0,565.0,1.8,,,9.8410354288,,5.09,,816.0,,,,23.3,,
40356,GLO1,"Glomma, Sarpsfossen",1999-12-26 00:00:00,,,76.0,671.0,28.0,,,5.34838882,,4.58,,1090.0,,,,109.0,,
40356,GLO1,"Glomma, Sarpsfossen",2000-01-22 00:00:00,,,34.0,415.0,7.4,,,4.4926466088,,4.06,,644.0,,,,5.3,,
40356,GLO1,"Glomma, Sarpsfossen",2000-02-29 00:00:00,,,85.0,661.0,2.3,,,5.7762599256,,3.43,,1310.0,,,,64.9,,
40356,GLO1,"Glomma, Sarpsfossen",2000-03-26 00:00:00,,,22.0,435.0,14.0,,,4.0647755032,,3.57,,653.0,,,,5.6,,
40356,GLO1,"Glomma, Sarpsfossen",2000-05-01 00:00:00,,,35.0,356.0,16.0,,,7.9156154536,,7.05,,684.0,,,,13.7,,
40356,GLO1,"Glomma, Sarpsfossen",2000-05-07 00:00:00,,,30.0,256.0,19.0,,,7.2738087952,,6.27,,552.0,,,,17.5,,
40356,GLO1,"Glomma, Sarpsfossen",2000-05-14 00:00:00,,,30.0,216.0,4.0,,,4.0647755032,,5.33,,519.0,,,,7.5,,
40356,GLO1,"Glomma, Sarpsfossen",2000-05-23 00:00:00,,,13.0,208.0,11.0,,,3.6369043976,,4.56,,502.0,,,,4.4,,
40356,GLO1,"Glomma, Sarpsfossen",2000-05-27 00:00:00,,,21.0,231.0,3.0,,,1.4333682038,,2.69,,536.0,,,,3.7,,
40356,GLO1,"Glomma, Sarpsfossen",2000-06-03 00:00:00,,,38.0,410.0,6.0,,,3.4229688448,,7.6,,635.0,,,,5.6,,
40356,GLO1,"Glomma, Sarpsfossen",2000-06-12 00:00:00,,,61.0,420.0,6.0,,,3.8508399504,,3.7,,635.0,,,,3.9,,
40356,GLO1,"Glomma, Sarpsfossen",2000-06-19 00:00:00,,,25.0,306.0,5.0,,,3.6369043976,,3.7,,463.0,,,,3.7,,
40356,GLO1,"Glomma, Sarpsfossen",2000-06-24 00:00:00,,,20.0,314.0,6.0,,,3.209033292,,3.1,,818.0,,,,3.0,,
40356,GLO1,"Glomma, Sarpsfossen",2000-07-27 00:00:00,,,16.0,190.0,2.0,,,3.4229688448,,3.3,,326.0,,,,4.5,,
40356,GLO1,"Glomma, Sarpsfossen",2000-08-30 00:00:00,,,18.0,162.0,3.0,,,3.209033292,,3.2,,699.0,,,,2.2,,
40356,GLO1,"Glomma, Sarpsfossen",2000-09-30 00:00:00,,,34.0,330.0,1.0,,,3.6369043976,,3.5,,470.0,,,,1.5,,
40356,GLO1,"Glomma, Sarpsfossen",2000-10-28 00:00:00,,,61.0,352.0,12.0,,,5.1344532672,,6.1,,582.0,,,,8.1,,
40356,GLO1,"Glomma, Sarpsfossen",2000-11-29 00:00:00,,,21.0,316.0,3.0,,,15.6172953544,,6.8,,591.0,,,,,,
40356,GLO1,"Glomma, Sarpsfossen",2000-12-28 00:00:00,,,20.0,288.0,6.0,,,5.9901954784,,6.2,,520.0,,,,6.1,,
40356,GLO1,"Glomma, Sarpsfossen",2001-02-15 00:00:00,,,54.0,384.0,3.0,,,4.7065821616,,4.4,,555.0,,,,2.2,,
40356,GLO1,"Glomma, Sarpsfossen",2001-03-06 00:00:00,,,39.0,350.0,1.0,,,4.7065821616,,3.5,,1127.0,,,,2.0,,
40356,GLO1,"Glomma, Sarpsfossen",2001-04-01 00:00:00,,,57.0,385.0,3.0,,,4.4926466088,,3.3,,618.0,,,,7.7,,
40356,GLO1,"Glomma, Sarpsfossen",2001-04-29 00:00:00,,,76.0,524.0,6.0,,,5.5623243728,,5.5,,803.0,,,,60.5,,
40356,GLO1,"Glomma, Sarpsfossen",2001-05-13 00:00:00,,,17.0,225.0,2.0,,,4.7065821616,,5.8,,521.0,,,,9.1,,
40356,GLO1,"Glomma, Sarpsfossen",2001-05-20 00:00:00,,,22.0,217.0,3.0,,,4.4926466088,,5.3,,402.0,,,,7.0,,
40356,GLO1,"Glomma, Sarpsfossen",2001-05-28 00:00:00,,,16.0,229.0,5.0,,,4.0647755032,,4.3,,457.0,,,,5.4,,
40356,GLO1,"Glomma, Sarpsfossen",2001-06-04 00:00:00,,,10.0,228.0,1.0,,,3.6369043976,,3.9,,443.0,,,,3.1,,
40356,GLO1,"Glomma, Sarpsfossen",2001-06-12 00:00:00,,,23.0,375.0,2.0,,,3.4229688448,,3.5,,559.0,,,,4.1,,
40356,GLO1,"Glomma, Sarpsfossen",2001-06-17 00:00:00,,,23.0,235.0,4.0,,,3.6369043976,,3.4,,398.0,,,,3.6,,
40356,GLO1,"Glomma, Sarpsfossen",2001-06-24 00:00:00,,,13.0,206.0,6.0,,,3.4229688448,,3.1,,422.0,,,,3.4,,
40356,GLO1,"Glomma, Sarpsfossen",2001-07-01 00:00:00,,,23.0,209.0,3.0,,,3.209033292,,3.5,,361.0,,,,2.9,,
40356,GLO1,"Glomma, Sarpsfossen",2001-07-24 00:00:00,,,12.0,205.0,1.0,,,1.989600641,,3.5,,347.0,,,,3.3,,
40356,GLO1,"Glomma, Sarpsfossen",2001-08-26 00:00:00,,,15.0,180.0,3.0,,,2.139355528,,4.1,,366.0,,,,2.8,,
40356,GLO1,"Glomma, Sarpsfossen",2001-09-24 00:00:00,,,17.0,261.0,3.0,,,2.9950977392,,5.5,,501.0,,,,4.4,,
40356,GLO1,"Glomma, Sarpsfossen",2001-10-29 00:00:00,,,31.0,485.0,25.0,,,4.278711056,,6.3,,696.0,,,,19.6,,
40356,GLO1,"Glomma, Sarpsfossen",2001-11-25 00:00:00,,,20.0,305.0,4.0,,,3.8508399504,,4.4,,409.0,,,,4.0,,
40356,GLO1,"Glomma, Sarpsfossen",2002-01-06 00:00:00,,,36.0,369.0,2.0,,,3.8508399504,,3.2,,483.0,,,,1.2,,
40356,GLO1,"Glomma, Sarpsfossen",2002-01-27 00:00:00,,,42.0,432.0,5.0,,,5.1344532672,,4.2,,564.0,,,,5.3,,
40356,GLO1,"Glomma, Sarpsfossen",2002-02-23 00:00:00,,,41.0,385.0,4.0,,,5.9901954784,,4.3,,603.0,,,,8.5,,
40356,GLO1,"Glomma, Sarpsfossen",2002-03-24 00:00:00,,,40.0,420.0,6.0,,,5.5623243728,,4.2,,594.0,,,,9.1,,
40356,GLO1,"Glomma, Sarpsfossen",2002-04-28 00:00:00,,,30.0,345.0,27.0,,,4.9205177144,,5.9,,550.0,,,,7.1,,
40356,GLO1,"Glomma, Sarpsfossen",2002-05-05 00:00:00,,,31.0,305.0,4.0,,,4.4926466088,,6.1,,492.0,,,,6.5,,
40356,GLO1,"Glomma, Sarpsfossen",2002-05-15 00:00:00,,,7.0,228.0,1.0,,,3.6369043976,,5.6,,409.0,,,,2.3,,
40356,GLO1,"Glomma, Sarpsfossen",2002-05-21 00:00:00,,,6.0,186.0,1.0,,,2.9950977392,,4.0,,342.0,,,,3.7,,
40356,GLO1,"Glomma, Sarpsfossen",2002-05-26 00:00:00,,,11.0,222.0,3.0,,,2.7811621864,,3.8,,364.0,,,,2.3,,
40356,GLO1,"Glomma, Sarpsfossen",2002-06-02 00:00:00,,,23.0,695.0,4.0,,,3.6369043976,,4.4,,895.0,,,,8.5,,
40356,GLO1,"Glomma, Sarpsfossen",2002-06-09 00:00:00,,,4.0,331.0,1.0,,,6.418066584,,3.9,,496.0,,,,3.8,,
40356,GLO1,"Glomma, Sarpsfossen",2002-06-19 00:00:00,,,13.0,323.0,2.0,,,2.5672266336,,2.9,,457.0,,,,4.1,,
40356,GLO1,"Glomma, Sarpsfossen",2002-06-26 00:00:00,,,5.0,330.0,2.0,,,2.5672266336,,3.3,,442.0,,,,2.9,,
40356,GLO1,"Glomma, Sarpsfossen",2002-07-28 00:00:00,,,18.0,265.0,5.0,,,3.4229688448,,4.9,,496.0,,,,10.5,,
40356,GLO1,"Glomma, Sarpsfossen",2002-09-04 00:00:00,,,10.0,174.0,2.0,,,1.8398457541,,3.6,,283.0,,,,2.1,,
40356,GLO1,"Glomma, Sarpsfossen",2002-09-25 00:00:00,,,15.0,260.0,2.0,,,1.9040264199,,2.8,,427.0,,,,2.1,,
40356,GLO1,"Glomma, Sarpsfossen",2002-10-30 00:00:00,,,23.0,478.0,5.0,,,3.4229688448,,4.1,,665.0,,,,4.9,,
40356,GLO1,"Glomma, Sarpsfossen",2002-11-27 00:00:00,,,44.0,385.0,2.0,,,3.4229688448,,3.6,,560.0,,,,2.2,,
40356,GLO1,"Glomma, Sarpsfossen",2003-01-29 00:00:00,,,60.0,680.0,5.0,,,6.418066584,,4.1,,811.0,,,,9.4,,
40356,GLO1,"Glomma, Sarpsfossen",2003-02-26 00:00:00,,,65.0,436.0,1.0,,,4.278711056,,3.6,,641.0,,,,1.2,,
40356,GLO1,"Glomma, Sarpsfossen",2003-03-26 00:00:00,,,44.0,729.0,2.0,,,6.2041310312,,3.6,,876.0,,,,6.5,,
40356,GLO1,"Glomma, Sarpsfossen",2003-04-30 00:00:00,,,43.0,577.0,2.0,,,4.7065821616,,5.7,,766.0,,,,10.7,,
40356,GLO1,"Glomma, Sarpsfossen",2003-05-14 00:00:00,,,42.0,476.0,3.0,,,4.4926466088,,6.6,,618.0,,,,7.4,,
40356,GLO1,"Glomma, Sarpsfossen",2003-05-21 00:00:00,,,27.0,321.0,5.0,,,4.0647755032,,7.2,,535.0,,,,8.4,,
40356,GLO1,"Glomma, Sarpsfossen",2003-05-28 00:00:00,,,17.0,422.0,1.0,,,3.6369043976,,6.0,,531.0,,,,12.1,,
40356,GLO1,"Glomma, Sarpsfossen",2003-06-04 00:00:00,,,12.0,261.0,1.0,,,2.7811621864,,4.9,,376.0,,,,5.9,,
40356,GLO1,"Glomma, Sarpsfossen",2003-06-11 00:00:00,,,17.0,277.0,1.0,,,2.3532910808,,4.1,,383.0,,,,5.0,,
40356,GLO1,"Glomma, Sarpsfossen",2003-06-18 00:00:00,,,10.0,269.0,1.0,,,2.3532910808,,3.6,,372.0,,,,3.8,,
40356,GLO1,"Glomma, Sarpsfossen",2003-06-25 00:00:00,,,30.0,448.0,1.0,,,32.09033292,,4.6,,674.0,,,,10.0,,
40356,GLO1,"Glomma, Sarpsfossen",2003-07-02 00:00:00,,,19.0,294.0,3.0,,,2.5672266336,,3.2,,444.0,,,,4.6,,
40356,GLO1,"Glomma, Sarpsfossen",2003-07-28 00:00:00,,,26.0,290.0,1.0,,,2.9950977392,,3.2,,419.0,,,,4.9,,
40356,GLO1,"Glomma, Sarpsfossen",2003-08-27 00:00:00,,,4.0,201.0,1.0,,,2.1179619727,,3.4,,345.0,,,,4.3,,
40356,GLO1,"Glomma, Sarpsfossen",2003-09-24 00:00:00,,,15.0,204.0,1.0,,,1.8826328646,,2.8,,341.0,,,,3.9,,
40356,GLO1,"Glomma, Sarpsfossen",2003-11-05 00:00:00,,,32.0,1710.0,6.0,,,5.9901954784,,5.1,,2060.0,,,,8.5,,
40356,GLO1,"Glomma, Sarpsfossen",2003-11-25 00:00:00,,,25.0,542.0,2.0,,,3.6369043976,,4.3,,654.0,,,,1.9,,
40356,GLO1,"Glomma, Sarpsfossen",2003-12-18 00:00:00,,,29.0,553.0,2.0,,,3.4229688448,,3.9,,663.0,,,,7.9,,
40356,GLO1,"Glomma, Sarpsfossen",2004-01-10 00:00:00,,,52.0,540.0,10.0,,,4.5354337194,,4.3,,735.0,,,17.0,7.93,,
40356,GLO1,"Glomma, Sarpsfossen",2004-02-09 00:00:00,,,57.0,620.0,12.0,,,3.8722335057,,3.9,,845.0,,,20.0,3.75,,
40356,GLO1,"Glomma, Sarpsfossen",2004-03-08 00:00:00,,,38.0,355.0,2.0,,,3.3801817342,,3.2,,525.0,,,6.0,1.08,,
40356,GLO1,"Glomma, Sarpsfossen",2004-04-13 00:00:00,,,78.0,490.0,9.0,,,4.0433819479,,4.2,,825.0,,,18.0,6.52,,
40356,GLO1,"Glomma, Sarpsfossen",2004-05-10 00:00:00,,,12.0,205.0,10.0,,,3.7224786187,,4.7,,465.0,,,21.0,13.5,,
40356,GLO1,"Glomma, Sarpsfossen",2004-05-18 00:00:00,,,20.0,210.0,4.0,,,2.7811621864,,3.5,,450.0,,,12.0,6.1,,
40356,GLO1,"Glomma, Sarpsfossen",2004-05-28 00:00:00,,,12.0,225.0,2.0,,,2.6314072994,,3.2,,440.0,,,8.0,4.01,,
40356,GLO1,"Glomma, Sarpsfossen",2004-06-07 00:00:00,,,9.0,220.0,2.0,,,2.5458330783,,2.8,,405.0,,,7.0,3.03,,
40356,GLO1,"Glomma, Sarpsfossen",2004-06-18 00:00:00,,,12.0,265.0,3.0,,,2.3532910808,,2.2,,480.0,,,9.0,4.65,,
40356,GLO1,"Glomma, Sarpsfossen",2004-06-28 00:00:00,,,27.0,305.0,3.0,,,2.0687567956,,2.2,,505.0,,,8.0,3.34,,
40356,GLO1,"Glomma, Sarpsfossen",2004-07-05 00:00:00,,,19.0,375.0,4.0,,,2.4174717466,,2.7,,580.0,,,9.0,7.31,,
40356,GLO1,"Glomma, Sarpsfossen",2004-08-09 00:00:00,,,10.0,250.0,2.0,,,1.908305131,,2.4,,410.0,,,7.0,2.9,,
40356,GLO1,"Glomma, Sarpsfossen",2004-09-06 00:00:00,,,12.0,290.0,5.0,,,2.4602588572,,3.1,,510.0,,,10.0,5.3,,
40356,GLO1,"Glomma, Sarpsfossen",2004-10-04 00:00:00,,,12.0,295.0,4.0,,,3.2732139578,,5.9,,520.0,,,10.0,4.3,,
40356,GLO1,"Glomma, Sarpsfossen",2004-11-08 00:00:00,,,10.0,420.0,11.0,,,5.7976534809,,5.7,,760.0,,,25.0,14.9,,
40356,GLO1,"Glomma, Sarpsfossen",2004-12-06 00:00:00,,,48.0,920.0,29.0,,,5.2414210436,,5.0,,1205.0,,,50.0,20.7,,
40356,GLO1,"Glomma, Sarpsfossen",2005-01-10 00:00:00,,,18.0,680.0,52.0,,,5.0488790461,,5.0,,875.0,,,88.0,66.5,,
40356,GLO1,"Glomma, Sarpsfossen",2005-02-07 00:00:00,,,27.0,385.0,6.0,,,4.0861690585,,4.3,,595.0,,,10.0,5.25,,
40356,GLO1,"Glomma, Sarpsfossen",2005-03-07 00:00:00,,,24.0,330.0,3.0,,,3.5513301765,,3.1,,480.0,,,6.0,1.64,,
40356,GLO1,"Glomma, Sarpsfossen",2005-04-04 00:00:00,,,10.0,425.0,4.0,,,4.0647755032,,3.6,,590.0,,,12.0,5.41,,
40356,GLO1,"Glomma, Sarpsfossen",2005-05-09 00:00:00,,,12.0,245.0,3.0,,,3.4229688448,,4.3,,445.0,,,11.0,5.81,,
40356,GLO1,"Glomma, Sarpsfossen",2005-05-20 00:00:00,,,10.0,220.0,3.0,,,3.3801817342,,4.3,,420.0,,,11.0,3.99,,
40356,GLO1,"Glomma, Sarpsfossen",2005-05-30 00:00:00,,,13.0,495.0,8.0,,,3.8508399504,,4.3,,700.0,,,16.0,10.4,,
40356,GLO1,"Glomma, Sarpsfossen",2005-06-06 00:00:00,,,14.0,505.0,5.0,,,3.7010850634,,4.5,,740.0,,,15.0,6.56,,
40356,GLO1,"Glomma, Sarpsfossen",2005-06-17 00:00:00,,,19.0,185.0,4.0,,,2.6528008547,,3.3,,385.0,,,15.0,4.45,,
40356,GLO1,"Glomma, Sarpsfossen",2005-06-27 00:00:00,,,39.0,200.0,8.0,,,2.9095235181,,2.9,,435.0,,,17.0,4.81,,
40356,GLO1,"Glomma, Sarpsfossen",2005-07-04 00:00:00,,,16.0,200.0,5.0,,,2.2035361938,,2.7,,395.0,,,11.0,3.77,,
40356,GLO1,"Glomma, Sarpsfossen",2005-08-08 00:00:00,,,12.0,165.0,2.0,,,2.2035361938,,2.4,,335.0,,,8.0,5.07,,
40356,GLO1,"Glomma, Sarpsfossen",2005-09-05 00:00:00,,,11.0,215.0,2.0,,,2.3746846361,,2.8,,350.0,,,7.0,2.58,,
40356,GLO1,"Glomma, Sarpsfossen",2005-10-10 00:00:00,,,22.0,295.0,2.0,,,2.6528008547,,2.9,,475.0,,,9.0,2.37,,
40356,GLO1,"Glomma, Sarpsfossen",2005-11-07 00:00:00,,,14.0,520.0,15.0,,,5.4339630411,,4.7,,690.0,,,31.0,17.8,,
40356,GLO1,"Glomma, Sarpsfossen",2005-12-05 00:00:00,,,13.0,415.0,7.0,,,4.3428917218,,5.8,,580.0,,,15.0,4.98,,
40356,GLO1,"Glomma, Sarpsfossen",2006-01-09 00:00:00,,,16.0,375.0,3.0,,,3.1448526262,,3.2,,485.0,,,7.0,1.61,,
40356,GLO1,"Glomma, Sarpsfossen",2006-02-07 00:00:00,,,32.0,365.0,3.0,,,3.4657559554,,3.3,,530.0,,,6.0,1.24,,
40356,GLO1,"Glomma, Sarpsfossen",2006-03-06 00:00:00,,,37.0,325.0,3.0,,,3.6369043976,,3.1,,485.0,,,6.0,1.59,,
40356,GLO1,"Glomma, Sarpsfossen",2006-04-11 00:00:00,,,50.0,620.0,15.0,,,4.3856788324,,4.2,,895.0,,,26.0,17.8,,
40356,GLO1,"Glomma, Sarpsfossen",2006-05-08 00:00:00,,,22.0,475.0,15.0,,,5.4339630411,,7.5,,750.0,,,28.0,16.4,,
40356,GLO1,"Glomma, Sarpsfossen",2006-05-22 00:00:00,,,21.0,420.0,9.0,,,3.5727237318,,5.2,,755.0,,,20.0,10.5,,
40356,GLO1,"Glomma, Sarpsfossen",2006-05-29 00:00:00,,,25.0,575.0,8.0,,,3.6369043976,,4.8,,905.0,,,19.0,9.53,,
40356,GLO1,"Glomma, Sarpsfossen",2006-06-06 00:00:00,,,5.0,280.0,4.0,,,3.2304268473,,4.5,,545.0,,,13.0,4.87,,
40356,GLO1,"Glomma, Sarpsfossen",2006-06-16 00:00:00,,,16.0,167.0,2.0,,,2.8453428522,,3.1,,375.0,,,8.0,3.95,,
40356,GLO1,"Glomma, Sarpsfossen",2006-06-26 00:00:00,,,10.0,250.0,3.0,,,2.5030459678,,2.7,,440.0,,,10.3,5.42,,
40356,GLO1,"Glomma, Sarpsfossen",2006-07-03 00:00:00,,,8.0,272.0,3.0,,,2.3960781914,,2.7,,460.0,,,8.7,2.87,,
40356,GLO1,"Glomma, Sarpsfossen",2006-08-07 00:00:00,,,11.0,175.0,2.0,,,1.8248702654,,2.4,,390.0,,,8.0,2.64,,
40356,GLO1,"Glomma, Sarpsfossen",2006-09-04 00:00:00,,,2.0,250.0,5.0,,,2.5458330783,,3.6,,485.0,,,13.0,6.11,,
40356,GLO1,"Glomma, Sarpsfossen",2006-10-09 00:00:00,,,7.0,530.0,15.0,,,3.6582979529,,4.7,,950.0,,,27.0,13.9,,
40356,GLO1,"Glomma, Sarpsfossen",2006-11-06 00:00:00,,,12.0,485.0,13.0,,,5.0060919355,,6.3,,780.0,,,25.0,13.2,,
40356,GLO1,"Glomma, Sarpsfossen",2006-12-04 00:00:00,,,22.0,400.0,20.0,,,5.498143707,,6.7,,735.0,,,33.0,18.7,,
40356,GLO1,"Glomma, Sarpsfossen",2007-01-08 00:00:00,,,30.0,390.0,14.0,,,4.7493692722,,4.7,,625.0,,,22.0,9.94,,
40356,GLO1,"Glomma, Sarpsfossen",2007-02-05 00:00:00,,,26.0,385.0,4.0,,,3.6582979529,,3.7,,530.0,,,7.0,2.46,,
40356,GLO1,"Glomma, Sarpsfossen",2007-03-05 00:00:00,,,39.0,360.0,2.0,,,3.5299366212,,2.9,,545.0,,,6.0,2.11,,
40356,GLO1,"Glomma, Sarpsfossen",2007-04-10 00:00:00,,,29.0,495.0,10.0,,,4.7065821616,,4.0,,645.0,,,14.0,8.06,,
40356,GLO1,"Glomma, Sarpsfossen",2007-05-07 00:00:00,,,16.0,260.0,6.0,,,3.7010850634,,4.6,,465.0,,,14.0,5.63,,
40356,GLO1,"Glomma, Sarpsfossen",2007-05-16 00:00:00,,,24.0,315.0,3.0,,,3.4657559554,,3.8,,480.0,,,12.0,4.34,,
40356,GLO1,"Glomma, Sarpsfossen",2007-05-25 00:00:00,,,11.0,270.0,4.0,,,3.1662461814,,3.3,,445.0,,,8.0,4.69,,
40356,GLO1,"Glomma, Sarpsfossen",2007-06-04 00:00:00,,,12.0,535.0,8.0,,,3.5085430659,,3.3,,700.0,,,15.0,6.38,,
40356,GLO1,"Glomma, Sarpsfossen",2007-06-15 00:00:00,,,13.0,280.0,3.0,,,2.6955879653,,2.6,,450.0,,,13.0,2.29,,
40356,GLO1,"Glomma, Sarpsfossen",2007-06-25 00:00:00,,,17.0,240.0,4.0,,,2.7169815206,,2.6,,470.0,,,11.0,5.21,,
40356,GLO1,"Glomma, Sarpsfossen",2007-07-09 00:00:00,,,19.0,385.0,15.0,,,3.358788179,,3.6,,585.0,,,26.0,12.6,,
40356,GLO1,"Glomma, Sarpsfossen",2007-08-06 00:00:00,,,4.0,295.0,3.0,,,2.6528008547,,2.8,,430.0,,,8.0,2.95,,
40356,GLO1,"Glomma, Sarpsfossen",2007-09-10 00:00:00,,,5.0,230.0,2.0,,,2.7811621864,,3.3,,395.0,,,6.0,1.56,,
40356,GLO1,"Glomma, Sarpsfossen",2007-10-08 00:00:00,,,4.0,290.0,2.0,,,2.8881299628,,2.9,,445.0,,,6.0,1.37,,
40356,GLO1,"Glomma, Sarpsfossen",2007-11-05 00:00:00,,,4.0,455.0,8.0,,,3.9792012821,,3.7,,655.0,,,15.0,6.43,,
40356,GLO1,"Glomma, Sarpsfossen",2007-12-09 00:00:00,,,2.0,545.0,16.0,,,4.5140401641,,4.2,,740.0,,,25.0,12.7,,
40356,GLO1,"Glomma, Sarpsfossen",2008-01-07 00:00:00,,,20.0,430.0,12.0,,,0.0427871106,,3.9,,650.0,,,19.0,10.5,,
40356,GLO1,"Glomma, Sarpsfossen",2008-02-11 00:00:00,,,7.0,575.0,16.0,,,4.8777306038,,4.8,,745.0,,,24.0,11.5,,
40356,GLO1,"Glomma, Sarpsfossen",2008-03-10 00:00:00,,,37.0,695.0,60.0,,,18.9332964228,,4.3,,870.0,,,88.0,82.6,,
40356,GLO1,"Glomma, Sarpsfossen",2008-04-07 00:00:00,,,49.0,425.0,24.0,,,5.883227702,,4.5,,725.0,,,38.0,26.9,,
40356,GLO1,"Glomma, Sarpsfossen",2008-05-05 00:00:00,,,22.0,275.0,20.0,,,4.7279757169,,5.8,,515.0,,,30.0,26.5,,
40356,GLO1,"Glomma, Sarpsfossen",2008-05-15 00:00:00,,,15.0,195.0,9.0,,,3.4015752895,,4.4,,370.0,,,17.0,13.1,,
40356,GLO1,"Glomma, Sarpsfossen",2008-05-26 00:00:00,,,22.0,280.0,3.0,,,3.1448526262,,3.7,,440.0,,,7.0,4.81,,
40356,GLO1,"Glomma, Sarpsfossen",2008-06-06 00:00:00,,,6.0,250.0,2.0,,,2.9737041839,,3.2,,400.0,,,7.0,4.24,,
40356,GLO1,"Glomma, Sarpsfossen",2008-06-16 00:00:00,,,13.0,305.0,6.0,,,2.7811621864,,2.8,,445.0,,,12.0,5.5,,
40356,GLO1,"Glomma, Sarpsfossen",2008-06-26 00:00:00,,,7.0,300.0,1.0,,,2.8667364075,,2.6,,470.0,,,8.0,3.38,,
40356,GLO1,"Glomma, Sarpsfossen",2008-07-07 00:00:00,,,12.0,265.0,2.3,,,2.6955879653,,2.2,,440.0,,,7.0,3.54,,
40356,GLO1,"Glomma, Sarpsfossen",2008-08-04 00:00:00,,,14.0,210.0,3.0,,,2.4388653019,,2.5,,420.0,,,10.0,3.95,,
40356,GLO1,"Glomma, Sarpsfossen",2008-09-08 00:00:00,,,10.0,275.0,5.0,,,2.9950977392,,4.2,,500.0,,,13.0,4.51,,
40356,GLO1,"Glomma, Sarpsfossen",2008-10-06 00:00:00,,,20.0,600.0,18.0,,,4.1717432796,,4.7,,925.0,,,36.0,12.7,,
40356,GLO1,"Glomma, Sarpsfossen",2008-11-09 00:00:00,,,18.0,425.0,31.0,,,5.2414210436,,5.6,,705.0,,,66.0,31.8,,
40356,GLO1,"Glomma, Sarpsfossen",2008-12-08 00:00:00,,,27.0,360.0,7.0,,,4.8991241591,,4.4,,570.0,,,19.0,5.64,,
40356,GLO1,"Glomma, Sarpsfossen",2009-01-05 00:00:00,,,20.0,415.0,4.0,,,3.9150206162,,3.9,,595.0,,,8.0,3.44,,
40356,GLO1,"Glomma, Sarpsfossen",2009-02-09 00:00:00,,,43.0,335.0,3.0,,,3.7866592846,,3.3,,545.0,,,7.0,1.35,,
40356,GLO1,"Glomma, Sarpsfossen",2009-03-09 00:00:00,,,51.0,360.0,4.0,,,3.8508399504,,3.0,,485.0,,,8.0,1.85,,
40356,GLO1,"Glomma, Sarpsfossen",2009-04-06 00:00:00,,,52.0,515.0,13.0,,,4.8563370486,,4.0,,745.0,,,26.0,25.7,,
40356,GLO1,"Glomma, Sarpsfossen",2009-05-04 00:00:00,,,27.0,225.0,11.0,,,4.6851886063,,6.3,,540.0,,,21.0,11.2,,
40356,GLO1,"Glomma, Sarpsfossen",2009-05-16 00:00:00,,,8.0,200.0,5.0,,,3.7224786187,,4.4,,425.0,,,10.0,4.33,,
40356,GLO1,"Glomma, Sarpsfossen",2009-05-25 00:00:00,,,7.0,225.0,2.0,,,3.0806719603,,3.4,,395.0,,,9.0,3.81,,
40356,GLO1,"Glomma, Sarpsfossen",2009-06-08 00:00:00,,,5.0,180.0,2.0,,,2.9950977392,,3.1,,380.0,,,9.0,2.96,,
40356,GLO1,"Glomma, Sarpsfossen",2009-06-18 00:00:00,,,5.0,200.0,3.0,,,2.7597686311,,2.7,,370.0,,,7.0,2.65,,
40356,GLO1,"Glomma, Sarpsfossen",2009-06-29 00:00:00,,,12.0,190.0,5.0,,,2.6528008547,,2.5,,360.0,,,21.0,3.22,,
40356,GLO1,"Glomma, Sarpsfossen",2009-07-06 00:00:00,,,14.0,205.0,4.0,,,2.6528008547,,2.4,,380.0,,,12.0,6.28,,
40356,GLO1,"Glomma, Sarpsfossen",2009-08-10 00:00:00,,,5.0,245.0,5.0,,,3.5513301765,,4.6,,475.0,,,13.0,4.52,,
40356,GLO1,"Glomma, Sarpsfossen",2009-09-07 00:00:00,,,7.0,290.0,11.0,,,3.893627061,,5.1,,580.0,,,21.0,8.73,,
40356,GLO1,"Glomma, Sarpsfossen",2009-10-05 00:00:00,,,4.0,255.0,1.0,,,3.1876397367,,3.7,,425.0,,,8.0,2.1,,
40356,GLO1,"Glomma, Sarpsfossen",2009-11-09 00:00:00,,,15.0,415.0,5.0,,,4.1717432796,,4.3,,630.0,,,12.0,4.86,,
40356,GLO1,"Glomma, Sarpsfossen",2009-12-07 00:00:00,,,31.0,330.0,17.0,,,5.2414210436,,8.0,,760.0,,,32.0,16.2,,
40356,GLO1,"Glomma, Sarpsfossen",2010-01-04 00:00:00,,,28.0,380.0,2.0,,,3.7224786187,,3.5,,535.0,,,5.0,1.19,,
40356,GLO1,"Glomma, Sarpsfossen",2010-02-08 00:00:00,,,37.0,365.0,3.0,,,3.7866592846,,3.1,,585.0,,,6.0,1.29,,
40356,GLO1,"Glomma, Sarpsfossen",2010-03-08 00:00:00,,,55.0,355.0,2.0,,,3.8294463951,,3.0,,560.0,,,5.0,1.0,,
40356,GLO1,"Glomma, Sarpsfossen",2010-04-06 00:00:00,,,48.0,625.0,16.0,,,4.6851886063,,4.6,,900.0,,,31.0,17.4,,
40356,GLO1,"Glomma, Sarpsfossen",2010-05-10 00:00:00,,,28.0,360.0,8.0,,,4.5354337194,,6.0,,610.0,,,17.0,10.1,,
40356,GLO1,"Glomma, Sarpsfossen",2010-05-18 00:00:00,,,36.0,295.0,5.0,,,4.3642852771,,5.8,,540.0,,,6.0,6.62,,
40356,GLO1,"Glomma, Sarpsfossen",2010-05-25 00:00:00,,,14.0,175.0,17.0,,,4.3428917218,,5.9,,510.0,,,26.0,20.9,,
40356,GLO1,"Glomma, Sarpsfossen",2010-05-31 00:00:00,,,10.0,240.0,7.0,,,3.3801817342,,4.5,,430.0,,,15.0,9.59,,
40356,GLO1,"Glomma, Sarpsfossen",2010-06-07 00:00:00,,,6.0,230.0,3.0,,,3.2518204026,,3.7,,395.0,,,10.0,4.74,,
40356,GLO1,"Glomma, Sarpsfossen",2010-06-18 00:00:00,,,17.0,335.0,6.0,,,3.1662461814,,3.8,,550.0,,,13.0,7.0,,
40356,GLO1,"Glomma, Sarpsfossen",2010-07-05 00:00:00,,,40.0,230.0,2.0,,,2.8667364075,,3.1,,395.0,,,9.0,4.57,,
40356,GLO1,"Glomma, Sarpsfossen",2010-08-09 00:00:00,,,9.0,305.0,6.0,,,3.4871495106,,4.0,,475.0,,,15.0,7.28,,
40356,GLO1,"Glomma, Sarpsfossen",2010-09-06 00:00:00,,,10.0,285.0,6.0,,,3.7010850634,,6.0,,475.0,,,15.0,5.14,,
40356,GLO1,"Glomma, Sarpsfossen",2010-10-04 00:00:00,,,15.0,315.0,11.0,,,4.7493692722,,6.9,,575.0,,,18.0,8.53,,
40356,GLO1,"Glomma, Sarpsfossen",2010-11-08 00:00:00,,,13.0,390.0,7.0,,,4.0861690585,,4.7,,625.0,,,17.0,7.73,,
40356,GLO1,"Glomma, Sarpsfossen",2010-12-06 00:00:00,,,16.0,375.0,4.0,,,3.9150206162,,4.1,,565.0,,,10.0,2.58,,
40356,GLO1,"Glomma, Sarpsfossen",2011-01-03 00:00:00,,,30.0,370.0,2.0,,,3.5727237318,,3.0,,585.0,,,5.0,0.85,,
40356,GLO1,"Glomma, Sarpsfossen",2011-02-07 00:00:00,,,41.0,395.0,4.0,,,3.6796915082,,2.8,,625.0,,,7.0,1.3,,
40356,GLO1,"Glomma, Sarpsfossen",2011-03-07 00:00:00,,,45.0,385.0,2.0,,,3.8294463951,,2.8,,565.0,,,6.0,1.69,,
40356,GLO1,"Glomma, Sarpsfossen",2011-04-04 00:00:00,,,110.0,580.0,33.0,,,6.7603634685,,4.8,,990.0,,,57.0,34.9,,
40356,GLO1,"Glomma, Sarpsfossen",2011-05-09 00:00:00,,,8.0,230.0,4.0,,,3.3801817342,,5.0,,505.0,,,17.0,4.3,,
40356,GLO1,"Glomma, Sarpsfossen",2011-05-18 00:00:00,,,6.0,225.0,3.0,,,2.8881299628,,3.8,,465.0,,,14.0,3.5,,
40356,GLO1,"Glomma, Sarpsfossen",2011-05-28 00:00:00,,,20.0,220.0,4.0,,,3.059278405,,3.5,,495.0,,,13.0,2.15,,
40356,GLO1,"Glomma, Sarpsfossen",2011-06-06 00:00:00,,,6.0,225.0,2.0,,,3.0378848498,,3.6,,490.0,,,11.0,2.4,,
40356,GLO1,"Glomma, Sarpsfossen",2011-06-16 00:00:00,,,14.0,310.0,22.0,,,4.1075626138,,5.5,,580.0,,,28.0,33.5,,
40356,GLO1,"Glomma, Sarpsfossen",2011-06-26 00:00:00,,,12.0,255.0,10.0,,,3.2518204026,,4.52,,495.0,,,20.0,8.64,,
40356,GLO1,"Glomma, Sarpsfossen",2011-07-04 00:00:00,,,52.0,404.0,4.0,,,3.2946075131,,4.16,,650.0,,,16.0,7.36,,
40356,GLO1,"Glomma, Sarpsfossen",2011-08-08 00:00:00,,,15.0,205.0,5.0,,,2.823949297,,3.8,,415.0,,,10.0,5.16,,
40356,GLO1,"Glomma, Sarpsfossen",2011-09-12 00:00:00,,,12.0,320.0,36.0,,,5.2414210436,,7.4,,665.0,,,62.0,38.3,,
40356,GLO1,"Glomma, Sarpsfossen",2011-10-03 00:00:00,,,12.0,265.0,4.0,,,3.6369043976,,5.2,,515.0,,,12.0,4.58,,
40356,GLO1,"Glomma, Sarpsfossen",2011-11-07 00:00:00,,,8.0,360.0,7.0,,,4.278711056,,4.9,,580.0,,,13.0,5.51,,
40356,GLO1,"Glomma, Sarpsfossen",2011-12-05 00:00:00,,,11.0,570.0,36.0,,,7.102660353,,5.8,,830.0,,,52.0,46.8,,
40356,GLO1,"Glomma, Sarpsfossen",2012-01-09 00:00:00,,,19.0,480.0,9.0,,,4.4070723877,,5.2,,725.0,,,20.0,10.8,,
40356,GLO1,"Glomma, Sarpsfossen",2012-02-06 00:00:00,,,23.0,370.0,3.0,,,3.8508399504,,3.5,,545.0,,,3.0,1.18,,
40356,GLO1,"Glomma, Sarpsfossen",2012-03-05 00:00:00,,,17.0,395.0,6.0,,,4.2573175007,,3.7,,600.0,,,8.0,3.22,,
40356,GLO1,"Glomma, Sarpsfossen",2012-04-09 00:00:00,,,17.0,370.0,5.0,,,4.428465943,,4.3,,1190.0,,,14.0,5.08,,
40356,GLO1,"Glomma, Sarpsfossen",2012-05-06 00:00:00,,,12.0,280.0,7.0,,,4.0433819479,,5.0,,525.0,,,15.0,5.65,,
40356,GLO1,"Glomma, Sarpsfossen",2012-05-14 00:00:00,,,17.0,475.0,15.0,,,4.0005948374,,4.8,,745.0,,,25.0,19.6,,
40356,GLO1,"Glomma, Sarpsfossen",2012-05-25 00:00:00,,,13.0,205.0,4.0,,,3.8722335057,,4.5,,405.0,,,10.0,5.29,,
40356,GLO1,"Glomma, Sarpsfossen",2012-06-04 00:00:00,,,7.0,155.0,8.0,,,2.8025557417,,3.1,,335.0,,,31.0,6.6,,
40356,GLO1,"Glomma, Sarpsfossen",2012-06-14 00:00:00,,,7.0,230.0,1.0,,,2.9950977392,,2.7,,405.0,,,8.0,2.85,,
40356,GLO1,"Glomma, Sarpsfossen",2012-06-29 00:00:00,,,12.0,280.0,6.0,,,3.209033292,,3.0,,495.0,,,13.0,5.3,,
40356,GLO1,"Glomma, Sarpsfossen",2012-07-09 00:00:00,,,9.0,305.0,5.0,,,2.9523106286,,2.8,,510.0,,,12.0,4.58,,
40356,GLO1,"Glomma, Sarpsfossen",2012-08-06 00:00:00,,,13.0,265.0,10.0,,,3.6155108423,,5.2,,510.0,,,20.0,11.4,,
40356,GLO1,"Glomma, Sarpsfossen",2012-09-10 00:00:00,,,8.0,205.0,3.0,,,3.2518204026,,4.5,,475.0,,,8.0,2.37,,
40356,GLO1,"Glomma, Sarpsfossen",2012-10-08 00:00:00,,,16.0,295.0,13.0,,,4.5996143852,,5.2,,625.0,,,22.0,9.83,,
40356,GLO1,"Glomma, Sarpsfossen",2012-11-05 00:00:00,,,17.0,300.0,20.0,,,5.198633933,,7.1,,605.0,,,35.0,19.5,,
40356,GLO1,"Glomma, Sarpsfossen",2012-12-10 00:00:00,,,18.0,305.0,7.0,,,4.5996143852,,5.4,,565.0,,,14.0,2.75,,
40356,GLO1,"Glomma, Sarpsfossen",2013-01-07 15:40:00,3.9,,25.0,360.0,6.0,,,4.1075626138,,4.1,,550.0,,,11.0,2.44,,
40356,GLO1,"Glomma, Sarpsfossen",2013-02-04 00:00:00,3.3,,,,,,,,,,,,,,,,,
40356,GLO1,"Glomma, Sarpsfossen",2013-02-04 16:00:00,,,33.0,380.0,3.0,,,4.5996143852,,3.3,,555.0,,,7.0,1.83,,
40356,GLO1,"Glomma, Sarpsfossen",2013-03-11 14:45:00,2.8,,46.0,370.0,4.0,,,3.8508399504,,2.9,,555.0,,,13.0,1.6,,
40356,GLO1,"Glomma, Sarpsfossen",2013-04-08 09:00:00,2.7,,,,,,,,,,,,,,,,,
40356,GLO1,"Glomma, Sarpsfossen",2013-04-08 17:00:00,,,66.0,400.0,11.0,,,3.8080528398,,2.8,,645.0,,,15.0,9.91,,
40356,GLO1,"Glomma, Sarpsfossen",2013-05-06 00:00:00,5.1,,,,,,,,,,,,,,,,,
40356,GLO1,"Glomma, Sarpsfossen",2013-05-06 13:30:00,,,66.0,415.0,24.0,,,5.1558468225,,5.3,,725.0,,,46.0,23.4,,
40356,GLO1,"Glomma, Sarpsfossen",2013-05-16 00:00:00,5.0,,,,,,,,,,,,,,,,,
40356,GLO1,"Glomma, Sarpsfossen",2013-05-16 15:45:00,,,19.0,285.0,12.0,,,4.3428917218,,5.0,,530.0,,,18.0,11.5,,
40356,GLO1,"Glomma, Sarpsfossen",2013-05-24 00:00:00,4.2,,,,,,,,,,,,,,,,,
40356,GLO1,"Glomma, Sarpsfossen",2013-05-24 10:30:00,,,19.0,350.0,22.0,,,4.4498594982,,4.5,,605.0,,,32.0,10.8,,
40356,GLO1,"Glomma, Sarpsfossen",2013-05-27 14:50:00,,,29.0,380.0,37.0,,,4.5354337194,,5.2,,620.0,,,52.0,43.9,,
40356,GLO1,"Glomma, Sarpsfossen",2013-05-30 14:15:00,,,24.0,305.0,23.0,,,4.1075626138,,5.0,,545.0,,,33.0,30.3,,
40356,GLO1,"Glomma, Sarpsfossen",2013-06-10 00:00:00,3.3,,,,,,,,,,,,,,,,,
40356,GLO1,"Glomma, Sarpsfossen",2013-06-10 14:00:00,,,14.0,330.0,10.0,,,3.5085430659,,3.5,,530.0,,,16.0,8.34,,
40356,GLO1,"Glomma, Sarpsfossen",2013-06-17 12:15:00,,,17.0,310.0,5.0,,,3.209033292,,3.5,,515.0,,,14.0,6.3,,
40356,GLO1,"Glomma, Sarpsfossen",2013-06-24 11:20:00,,,15.0,410.0,9.0,,,3.2946075131,,3.5,,625.0,,,15.0,9.31,,
40356,GLO1,"Glomma, Sarpsfossen",2013-07-09 00:00:00,3.5,,,,,,,,,,,,,,,,,
40356,GLO1,"Glomma, Sarpsfossen",2013-07-09 13:15:00,,,5.0,325.0,5.0,,,3.1876397367,,3.6,,520.0,,,11.0,4.98,,
40356,GLO1,"Glomma, Sarpsfossen",2013-08-07 17:30:00,2.5,,21.0,250.0,4.0,,,2.5886201889,,2.6,,450.0,,,9.0,4.73,,
40356,GLO1,"Glomma, Sarpsfossen",2013-09-02 00:00:00,3.6,,,,,,,,,,,,,,,,,
40356,GLO1,"Glomma, Sarpsfossen",2013-09-02 14:30:00,,,18.0,175.0,3.0,,,2.3105039702,,3.8,,380.0,,,11.0,3.27,,
40356,GLO1,"Glomma, Sarpsfossen",2013-10-07 00:00:00,3.1,,,,,,,,,,,,,,,,,
40356,GLO1,"Glomma, Sarpsfossen",2013-10-07 14:30:00,,,6.0,270.0,2.0,,,2.524439523,,3.2,,470.0,,,6.0,1.8,,
40356,GLO1,"Glomma, Sarpsfossen",2013-11-04 14:30:00,4.3,,10.0,460.0,19.0,,,4.9846983802,,4.4,,695.0,,,32.0,18.9,,
40356,GLO1,"Glomma, Sarpsfossen",2013-12-09 14:30:00,3.8,,6.0,380.0,7.0,,,4.2145303902,,4.0,,550.0,,,17.0,11.2,,
40356,GLO1,"Glomma, Sarpsfossen",2014-01-06 14:30:00,,,10.0,450.0,30.0,,,5.5837179281,,5.2,,710.0,,,44.0,28.1,,
40356,GLO1,"Glomma, Sarpsfossen",2014-02-10 11:15:00,,,27.0,485.0,18.0,,,4.7707628274,,4.4,,775.0,,,22.0,15.1,,
40356,GLO1,"Glomma, Sarpsfossen",2014-03-10 11:00:00,,,25.0,485.0,24.0,,,5.1772403778,,5.0,,755.0,,,32.0,21.6,,
40356,GLO1,"Glomma, Sarpsfossen",2014-04-07 14:15:00,,,24.0,345.0,6.0,,,4.6851886063,,4.5,,575.0,,,7.0,4.54,,
40356,GLO1,"Glomma, Sarpsfossen",2014-05-05 15:30:00,,,11.0,220.0,6.0,,,3.8294463951,,4.7,,440.0,,,11.0,5.99,,
40356,GLO1,"Glomma, Sarpsfossen",2014-05-19 16:10:00,,,15.0,340.0,4.0,,,3.4657559554,,4.2,,535.0,,,8.0,3.36,,
40356,GLO1,"Glomma, Sarpsfossen",2014-05-30 14:20:00,,,15.0,205.0,17.0,,,3.1020655156,,4.0,,405.0,,,24.0,17.4,,
40356,GLO1,"Glomma, Sarpsfossen",2014-06-04 17:30:00,,,15.0,245.0,23.0,,,3.2732139578,,3.9,,535.0,,,39.0,9.59,,
40356,GLO1,"Glomma, Sarpsfossen",2014-06-12 17:30:00,,,10.0,285.0,5.0,,,2.9095235181,,3.0,,400.0,,,10.0,4.76,,
40356,GLO1,"Glomma, Sarpsfossen",2014-06-25 12:30:00,,,9.0,215.0,4.0,,,2.524439523,,2.7,,415.0,,,8.0,3.43,,
40356,GLO1,"Glomma, Sarpsfossen",2014-07-07 15:00:00,,,11.0,205.0,3.0,,,2.7383750758,,2.6,,390.0,,,8.0,3.8,,
40356,GLO1,"Glomma, Sarpsfossen",2014-08-04 13:50:00,,,23.0,166.0,2.0,,,2.4602588572,,2.7,,390.0,,,9.0,2.4,,
40356,GLO1,"Glomma, Sarpsfossen",2014-09-06 16:00:00,,,17.0,143.0,2.0,,,2.5672266336,,3.8,,340.0,,,6.0,1.57,,
40356,GLO1,"Glomma, Sarpsfossen",2014-10-06 14:15:00,,,12.0,189.0,2.0,,,2.289110415,,3.0,,370.0,,,6.0,1.51,,
40356,GLO1,"Glomma, Sarpsfossen",2014-11-10 14:50:00,,,2.0,345.0,19.0,,,4.9846983802,,6.3,,605.0,,,29.0,18.0,,
40356,GLO1,"Glomma, Sarpsfossen",2014-12-08 14:45:00,,,21.0,405.0,23.0,,,4.9205177144,,6.4,,685.0,,,38.0,21.1,,
40356,GLO1,"Glomma, Sarpsfossen",2015-01-05 15:00:00,,,19.0,372.0,5.0,,,,1.96,3.9,,585.0,,,7.0,2.49,,
40356,GLO1,"Glomma, Sarpsfossen",2015-02-09 15:00:00,,,30.0,380.0,6.0,,,,2.08,3.8,,620.0,,,9.0,4.1,,
40356,GLO1,"Glomma, Sarpsfossen",2015-03-09 14:30:00,,,2.0,480.0,18.0,,,,2.58,4.1,,715.0,,,23.0,17.0,,
40356,GLO1,"Glomma, Sarpsfossen",2015-04-06 15:45:00,,,23.0,430.0,7.0,,,,2.37,4.3,,665.0,,,13.0,7.57,,
40356,GLO1,"Glomma, Sarpsfossen",2015-05-04 16:00:00,,,20.0,240.0,5.0,,,,2.03,5.2,,510.0,,,10.0,5.21,,
40356,GLO1,"Glomma, Sarpsfossen",2015-05-13 15:15:00,,,9.0,490.0,7.0,,,,2.19,4.7,,730.0,,,12.0,7.12,,
40356,GLO1,"Glomma, Sarpsfossen",2015-05-31 13:10:00,,,12.0,340.0,6.0,,,,1.77,4.8,,615.0,,,13.0,6.31,,
40356,GLO1,"Glomma, Sarpsfossen",2015-06-08 14:00:00,,,8.0,390.0,8.0,,,,1.39,5.0,,605.0,,,15.0,8.97,,
40356,GLO1,"Glomma, Sarpsfossen",2015-06-15 14:00:00,,,10.0,230.0,5.0,,,,1.61,4.4,,450.0,,,11.0,6.17,,
40356,GLO1,"Glomma, Sarpsfossen",2015-06-23 14:00:00,,,10.0,200.0,3.0,,,,1.37,3.4,,430.0,,,10.0,3.51,,
40356,GLO1,"Glomma, Sarpsfossen",2015-07-04 09:45:00,,,18.0,200.0,4.0,,,,1.33,3.3,,395.0,,,9.0,3.76,,
40356,GLO1,"Glomma, Sarpsfossen",2015-08-10 14:00:00,,,33.0,240.0,6.0,,,,1.52,3.8,,480.0,,,13.0,7.76,,
40356,GLO1,"Glomma, Sarpsfossen",2015-09-07 14:30:00,,,18.0,340.0,23.0,,,,1.82,5.2,,640.0,,,31.0,20.7,,
40356,GLO1,"Glomma, Sarpsfossen",2015-10-05 14:20:00,,,6.0,220.0,2.0,,,,1.72,5.9,,525.0,,,12.0,3.61,,
40356,GLO1,"Glomma, Sarpsfossen",2015-11-09 12:45:00,,,2.0,680.0,45.0,,,,2.83,5.6,,975.0,,,76.0,44.4,,
40356,GLO1,"Glomma, Sarpsfossen",2015-12-07 13:40:00,,,4.0,480.0,27.0,,,,2.55,5.1,,755.0,,,45.0,30.8,,
40356,GLO1,"Glomma, Sarpsfossen",2016-01-04 15:15:00,,,6.0,410.0,9.0,,,,2.2,4.8,,660.0,,,19.0,8.25,,
40356,GLO1,"Glomma, Sarpsfossen",2016-02-09 16:40:00,,,29.0,740.0,56.0,,,,2.76,5.3,,1110.0,,,84.0,115.2,,
40356,GLO1,"Glomma, Sarpsfossen",2016-03-07 14:40:00,,,36.0,330.0,3.0,,,,2.07,4.1,,545.0,,,7.0,2.67,,
40356,GLO1,"Glomma, Sarpsfossen",2016-04-04 14:00:00,,,15.0,510.0,29.0,,,,2.54,4.5,,760.0,,,35.0,30.5,,
40356,GLO1,"Glomma, Sarpsfossen",2016-05-09 11:00:00,,,18.0,380.0,12.0,,,,2.35,5.6,,665.0,,,24.0,11.8,,
40356,GLO1,"Glomma, Sarpsfossen",2016-05-19 11:50:00,,,14.0,250.0,7.0,,,,1.91,5.3,,535.0,,,15.0,7.1,,
40356,GLO1,"Glomma, Sarpsfossen",2016-05-31 21:10:00,,,5.0,230.0,8.0,,,,1.56,5.2,,500.0,,,16.0,6.85,,
40356,GLO1,"Glomma, Sarpsfossen",2016-06-08 12:30:00,,,6.0,220.0,4.0,,,,1.58,3.9,,435.0,,,11.0,4.45,,
40356,GLO1,"Glomma, Sarpsfossen",2016-06-21 13:00:00,,,11.0,260.0,3.0,,,,1.39,3.0,,460.0,,,9.0,4.46,,
40356,GLO1,"Glomma, Sarpsfossen",2016-06-29 14:30:00,,,10.0,270.0,3.0,,,,1.41,2.9,,455.0,,,7.0,3.79,,
40356,GLO1,"Glomma, Sarpsfossen",2016-07-05 13:50:00,,,2.0,300.0,3.0,,,,1.37,2.8,,475.0,,,9.0,3.39,,
40356,GLO1,"Glomma, Sarpsfossen",2016-08-11 12:30:00,,,3.0,260.0,12.0,,,,1.28,2.7,,450.0,,,10.0,4.67,,
40356,GLO1,"Glomma, Sarpsfossen",2016-09-06 13:30:00,,,15.0,210.0,3.0,,,,1.23,3.2,,405.0,,,7.0,2.37,,
40356,GLO1,"Glomma, Sarpsfossen",2016-10-10 11:10:00,,,5.0,230.0,2.0,,,,1.23,3.1,,420.0,,,6.0,1.84,,
40356,GLO1,"Glomma, Sarpsfossen",2016-11-07 13:50:00,,,5.0,350.0,3.0,,,,1.51,3.3,,575.0,,,8.0,3.33,,
40356,GLO1,"Glomma, Sarpsfossen",2016-12-05 13:10:00,,,28.0,500.0,6.0,,,,2.17,5.1,,735.0,,,11.0,5.26,,
40356,GLO1,"Glomma, Sarpsfossen",2017-01-22 13:45:00,3.4,,29.0,410.0,8.0,,,,2.07,3.4,,580.0,4.0,,13.0,7.18,0.130052,0.0129
40356,GLO1,"Glomma, Sarpsfossen",2017-02-14 15:00:00,,,28.0,350.0,2.0,,,,1.64,3.0,,520.0,,,5.0,1.44,0.1106618,0.0104658
40356,GLO1,"Glomma, Sarpsfossen",2017-03-06 14:15:00,,,6.0,520.0,7.0,,,,2.01,3.7,,715.0,,,16.0,9.05,0.14288,0.014274
40356,GLO1,"Glomma, Sarpsfossen",2017-04-05 11:05:00,3.7,,13.0,510.0,12.0,464.0,,,2.05,3.9,,750.0,6.0,,20.0,12.0,0.148132,0.015272
40356,GLO1,"Glomma, Sarpsfossen",2017-05-04 10:40:00,4.8,,13.0,450.0,5.0,262.0,,,1.82,4.7,,590.0,3.0,,11.0,4.09,0.183016,0.017108
40356,GLO1,"Glomma, Sarpsfossen",2017-05-10 15:00:00,4.3,,10.0,360.0,9.0,342.0,,,1.75,4.4,,575.0,4.0,,16.0,9.2,0.169266,0.016066
40356,GLO1,"Glomma, Sarpsfossen",2017-05-21 17:00:00,4.6,,2.0,350.0,9.0,374.0,,,1.77,5.3,,610.0,5.0,,14.0,5.74,0.219716,0.0217
40356,GLO1,"Glomma, Sarpsfossen",2017-06-06 20:50:00,3.4,,7.0,220.0,2.0,,,,1.42,3.3,,400.0,3.0,,12.0,5.02,0.139376,0.013478
40356,GLO1,"Glomma, Sarpsfossen",2017-06-12 12:20:00,3.5,,3.0,300.0,13.0,277.0,,,1.42,3.7,,490.0,2.0,,10.0,4.61,0.149216,0.01415
40356,GLO1,"Glomma, Sarpsfossen",2017-06-21 12:20:00,3.4,,16.0,270.0,8.0,311.0,,,1.5,3.5,,480.0,3.0,,6.0,5.99,0.14417,0.01369
40356,GLO1,"Glomma, Sarpsfossen",2017-07-03 19:45:00,2.7,,3.0,220.0,4.0,276.0,,,1.32,2.8,,390.0,3.0,,7.0,3.54,0.107858,0.009796
40356,GLO1,"Glomma, Sarpsfossen",2017-08-07 15:30:00,2.5,,16.0,240.0,7.0,234.0,,,1.25,2.6,,455.0,3.0,,14.0,3.17,0.09891,0.00898
40356,GLO1,"Glomma, Sarpsfossen",2017-09-03 11:00:00,5.1,,11.0,200.0,2.0,266.0,,,1.46,5.2,,400.0,3.0,,9.0,2.67,0.211096,0.02026
40356,GLO1,"Glomma, Sarpsfossen",2017-10-02 15:00:00,4.7,,2.0,460.0,7.0,350.0,,,1.66,4.9,,,4.0,,14.0,8.66,0.20635,0.02085
40356,GLO1,"Glomma, Sarpsfossen",2017-11-06 16:20:00,5.0,,2.0,340.0,10.0,360.0,,,1.89,5.1,550.0,,5.0,,18.0,9.79,0.2057,0.021698
40356,GLO1,"Glomma, Sarpsfossen",2017-12-04 06:30:00,5.9,,2.0,370.0,20.0,429.0,,,2.18,6.0,,680.0,6.0,,20.0,21.7,0.241626,0.0261318
40356,GLO1,"Glomma, Sarpsfossen",2018-01-08 13:40:00,3.9,,2.0,410.0,6.0,204.0,,,1.96,4.0,,640.0,4.0,,9.0,3.73,0.168932,0.0175
40356,GLO1,"Glomma, Sarpsfossen",2018-02-05 14:10:00,3.6,,23.0,430.0,8.0,212.0,,,1.88,3.7,,650.0,5.0,,9.0,4.72,0.155762,0.01597
40356,GLO1,"Glomma, Sarpsfossen",2018-03-04 14:00:00,3.1,,36.0,330.0,3.0,137.0,,,1.8,3.1,,555.0,4.0,,5.0,1.09,0.128956,0.012406
40356,GLO1,"Glomma, Sarpsfossen",2018-04-09 12:30:00,3.7,,58.0,730.0,15.0,,,,2.08,3.7,,885.0,9.0,,38.0,10.3,0.152394,0.01594
40356,GLO1,"Glomma, Sarpsfossen",2018-05-07 13:15:00,6.3,,28.0,360.0,11.0,412.0,,,2.16,6.3,,665.0,6.0,,18.0,11.2,0.270364,0.027232
40356,GLO1,"Glomma, Sarpsfossen",2018-05-14 11:45:00,5.2,,2.0,100.0,20.0,617.0,,,1.89,5.3,,300.0,5.0,,32.0,19.3,0.22697,0.023728
40356,GLO1,"Glomma, Sarpsfossen",2018-05-23 12:30:00,3.5,,2.0,150.0,9.0,342.0,,,1.51,3.5,360.0,,4.0,,16.0,7.58,0.15014,0.014916
40356,GLO1,"Glomma, Sarpsfossen",2018-06-04 11:30:00,2.6,,15.0,260.0,4.0,156.0,,,1.34,2.7,360.0,,2.0,,7.0,3.47,0.099834,0.008842
40356,GLO1,"Glomma, Sarpsfossen",2018-06-13 12:30:00,2.4,,23.0,190.0,9.0,230.0,,,1.22,2.4,390.0,,3.0,,8.0,3.58,0.090974,0.0070058
40356,GLO1,"Glomma, Sarpsfossen",2018-06-25 12:10:00,2.5,,5.0,220.0,2.0,278.0,,,1.17,2.5,380.0,,2.0,,7.0,2.65,0.088332,0.0071598
40356,GLO1,"Glomma, Sarpsfossen",2018-07-18 13:00:00,2.4,,3.0,210.0,3.0,198.0,,,1.19,2.4,350.0,,3.0,,8.0,2.09,0.084372,0.00623
40356,GLO1,"Glomma, Sarpsfossen",2018-08-06 12:10:00,2.2,,11.0,190.0,4.0,287.0,,,1.02,2.2,350.0,,3.0,,9.0,4.01,0.068808,0.004908
40356,GLO1,"Glomma, Sarpsfossen",2018-09-03 13:00:00,2.6,,12.0,200.0,2.0,323.0,,,1.08,2.6,350.0,,1.0,,6.0,2.72,0.082482,0.006394
40356,GLO1,"Glomma, Sarpsfossen",2018-10-01 12:40:00,3.4,,10.0,350.0,8.0,204.0,,,1.28,3.3,440.0,,3.0,,11.0,2.73,0.125762,0.01147
40356,GLO1,"Glomma, Sarpsfossen",2018-11-06 14:30:00,2.7,,2.0,530.0,2.0,175.0,,,1.41,2.8,660.0,,3.0,,6.0,2.14,0.1071698,0.00935
40356,GLO1,"Glomma, Sarpsfossen",2018-12-03 14:15:00,5.5,,2.0,1190.0,16.0,369.0,,,2.05,5.5,1400.0,,8.0,,23.0,12.1,0.223144,0.022456
40356,GLO1,"Glomma, Sarpsfossen",2019-01-07 14:50:00,3.7,,33.0,420.0,2.0,152.0,,,1.75,3.7,500.0,,4.0,,6.0,1.21,0.144928,0.013834
40356,GLO1,"Glomma, Sarpsfossen",2019-02-05 07:15:00,2.4,,31.0,340.0,2.0,140.0,,,1.66,2.4,470.0,,2.0,,5.0,0.93,0.09386,0.008302
40356,GLO1,"Glomma, Sarpsfossen",2019-03-05 07:00:00,4.1,,2.0,1100.0,22.0,625.0,,,2.16,4.1,1600.0,,9.0,,36.0,21.5,0.17937,0.019378
40356,GLO1,"Glomma, Sarpsfossen",2019-04-01 05:40:00,4.3,,2.0,670.0,7.0,137.0,,,1.89,4.2,830.0,,6.0,,10.0,5.23,0.170808,0.016764
40356,GLO1,"Glomma, Sarpsfossen",2019-05-06 06:00:00,5.4,,10.0,280.0,9.0,515.0,,,1.9,5.8,500.0,,6.0,,17.0,11.6,0.250204,0.025428
40356,GLO1,"Glomma, Sarpsfossen",2019-05-14 11:45:00,4.1,,2.0,220.0,7.0,332.0,,,1.52,4.1,410.0,,4.0,,12.0,5.38,0.173016,0.01678
40356,GLO1,"Glomma, Sarpsfossen",2019-05-20 14:00:00,5.2,,20.0,260.0,9.0,297.0,,,1.59,5.3,520.0,,3.0,,11.0,5.03,0.217374,0.022232
40356,GLO1,"Glomma, Sarpsfossen",2019-06-03 05:20:00,3.7,,13.0,290.0,7.0,312.0,,,1.47,3.7,450.0,,3.0,,14.0,7.33,0.158808,0.015154
40356,GLO1,"Glomma, Sarpsfossen",2019-06-17 10:30:00,4.7,,2.0,500.0,2.0,445.0,,,1.9,4.6,770.0,,5.0,,62.0,14.0,0.20233,0.022362
40356,GLO1,"Glomma, Sarpsfossen",2019-06-24 11:55:00,4.3,,4.0,350.0,8.0,337.0,,,1.7,4.4,510.0,,3.0,,15.0,7.4,0.179172,0.0184058
40356,GLO1,"Glomma, Sarpsfossen",2019-07-08 11:45:00,3.5,,17.0,270.0,5.0,302.0,,,1.31,3.5,440.0,,5.0,,10.0,3.65,0.139672,0.0127638
40356,GLO1,"Glomma, Sarpsfossen",2019-08-05 09:30:00,2.7,,7.0,240.0,4.0,286.0,,,1.26,2.8,390.0,,2.0,,8.0,2.88,0.096944,0.008026
40356,GLO1,"Glomma, Sarpsfossen",2019-09-02 10:20:00,4.8,,11.0,490.0,16.0,454.0,,,1.31,4.8,700.0,,10.0,,30.0,17.3,0.194852,0.020268
40356,GLO1,"Glomma, Sarpsfossen",2019-10-07 06:40:00,5.0,,2.0,390.0,7.0,341.0,,,1.6,5.0,620.0,,5.0,,14.0,7.4,0.208194,0.020522
40356,GLO1,"Glomma, Sarpsfossen",2019-11-06 07:45:00,6.9,,2.0,410.0,9.0,338.0,,,1.94,6.8,630.0,,7.0,,19.0,8.66,0.31028,0.032772
40356,GLO1,"Glomma, Sarpsfossen",2019-12-02 07:15:00,7.3,,4.0,550.0,15.0,487.0,,,2.55,7.8,770.0,,10.0,,26.0,12.8,0.329486,0.036912
40356,GLO1,"Glomma, Sarpsfossen",2020-01-13 07:10:00,5.3,,8.0,570.0,24.0,567.0,,,2.21,5.3,800.0,,7.0,,42.0,13.3,0.204826,0.020744
40356,GLO1,"Glomma, Sarpsfossen",2020-02-10 07:15:00,5.4,,2.0,500.0,54.0,1201.0,,,3.01,5.5,740.0,,8.0,,66.0,44.9,0.217796,0.022638
40356,GLO1,"Glomma, Sarpsfossen",2020-03-02 17:30:00,5.0,,16.0,400.0,16.0,409.0,,,2.22,5.1,630.0,,8.0,,19.0,14.1,0.223386,0.024716
40356,GLO1,"Glomma, Sarpsfossen",2020-04-14 17:40:00,4.1,,12.0,400.0,8.0,263.0,,,1.93,4.2,650.0,,3.0,,11.0,5.34,0.170492,0.016894
40356,GLO1,"Glomma, Sarpsfossen",2020-05-11 05:15:00,4.2,,16.0,260.0,5.0,445.0,,,1.56,4.2,780.0,,2.0,,9.0,3.93,0.199696,0.020284
40356,GLO1,"Glomma, Sarpsfossen",2020-05-18 14:00:00,,,5.0,250.0,4.0,334.0,,,1.57,3.6,320.0,,4.0,,7.0,4.26,0.185236,0.0189878
40356,GLO1,"Glomma, Sarpsfossen",2020-05-25 14:45:00,5.5,,9.0,270.0,3.0,266.0,,,1.54,5.5,330.0,,1.0,,6.0,2.99,0.178126,0.018198
40356,GLO1,"Glomma, Sarpsfossen",2020-06-02 17:00:00,5.3,,2.0,190.0,5.0,353.0,,,1.42,4.5,310.0,,7.0,,12.0,5.94,0.179228,0.01807
40356,GLO1,"Glomma, Sarpsfossen",2020-06-15 10:40:00,,,,,,,8.5,,,,,,,,,,,
40356,GLO1,"Glomma, Sarpsfossen",2020-06-15 11:00:00,3.5,,12.0,220.0,6.0,485.0,,,1.43,3.5,330.0,,1.0,,13.0,6.63,0.160014,0.015952
40356,GLO1,"Glomma, Sarpsfossen",2020-06-24 10:40:00,,,,,,,7.2,,,,,,,,,,,
40356,GLO1,"Glomma, Sarpsfossen",2020-06-24 13:20:00,3.5,,6.0,240.0,6.0,389.0,,,1.4,3.3,350.0,,3.0,,9.0,6.94,,
40356,GLO1,"Glomma, Sarpsfossen",2020-06-25 13:20:00,,,,,,,,,,,,,,,,,0.105548,0.009134
40356,GLO1,"Glomma, Sarpsfossen",2020-07-06 00:00:00,,,,,,,8.2,,,,,,,,,,,
40356,GLO1,"Glomma, Sarpsfossen",2020-07-06 06:45:00,3.1,,3.0,370.0,9.0,420.0,,,1.52,3.1,450.0,,3.0,,13.0,8.19,0.084162,0.004836
40356,GLO1,"Glomma, Sarpsfossen",2020-08-04 10:20:00,3.9,,2.0,220.0,8.0,306.0,,,1.48,3.6,460.0,,5.0,,15.0,7.71,0.135338,0.01288
40356,GLO1,"Glomma, Sarpsfossen",2020-09-07 06:50:00,,,2.0,220.0,3.0,322.0,,,1.14,2.8,350.0,,1.0,,5.0,3.09,0.086898,0.00692
40356,GLO1,"Glomma, Sarpsfossen",2020-10-05 04:45:00,,,21.0,360.0,5.0,242.0,,,1.26,2.9,440.0,,4.0,,10.0,3.61,0.09474,0.008014
40356,GLO1,"Glomma, Sarpsfossen",2020-11-02 06:00:00,5.8,,2.0,490.0,27.0,827.0,,,2.37,5.9,680.0,,13.0,,37.0,19.8,0.274842,0.031506
40356,GLO1,"Glomma, Sarpsfossen",2020-12-07 05:55:00,4.7,,4.0,420.0,8.0,345.0,,,2.15,4.7,550.0,,7.0,,17.0,7.58,0.225254,0.024466
40356,GLO1,"Glomma, Sarpsfossen",2021-01-21 11:15:00,4.3,32.0,8.0,420.0,5.0,200.0,1.8,4.01,1.87,4.1,560.0,,,6.5,10.0,3.56,0.170276,0.017758
40356,GLO1,"Glomma, Sarpsfossen",2021-02-03 13:00:00,3.7,27.0,9.0,430.0,5.0,181.0,3.5,4.25,1.93,3.8,610.0,,,6.4,9.0,4.39,0.155738,0.01581
40356,GLO1,"Glomma, Sarpsfossen",2021-03-01 12:45:00,3.5,29.0,48.0,390.0,5.0,313.0,5.6,4.37,2.04,3.4,650.0,,,9.3,12.0,5.03,0.15296,0.015228
40356,GLO1,"Glomma, Sarpsfossen",2021-04-06 12:35:00,3.9,38.0,7.0,570.0,14.0,453.0,14.3,5.15,2.28,3.7,660.0,,,8.5,23.0,17.3,0.17206,0.018328
40356,GLO1,"Glomma, Sarpsfossen",2021-05-03 12:30:00,4.6,35.0,19.0,390.0,5.0,334.0,4.3,4.14,1.89,4.6,530.0,,,7.1,12.0,4.47,0.18987,0.0183738
40356,GLO1,"Glomma, Sarpsfossen",2021-05-18 13:10:00,4.7,38.0,8.0,590.0,10.0,513.0,12.0,4.57,2.01,4.7,670.0,,,19.0,17.0,11.2,0.20442,0.02113
40356,GLO1,"Glomma, Sarpsfossen",2021-05-25 12:45:00,5.6,48.0,2.0,360.0,8.0,414.0,11.0,3.79,1.8,5.4,480.0,,,16.0,17.0,9.16,0.240626,0.024744
40356,GLO1,"Glomma, Sarpsfossen",2021-06-07 14:10:00,3.5,24.0,3.0,220.0,5.0,337.0,5.9,3.11,1.51,3.5,410.0,,,9.1,10.0,5.42,0.135062,0.0127658
40356,GLO1,"Glomma, Sarpsfossen",2021-06-14 13:50:00,2.9,18.0,6.0,260.0,8.0,568.0,12.7,3.16,1.67,2.9,440.0,,,14.0,14.0,13.1,0.1096438,0.009704
40356,GLO1,"Glomma, Sarpsfossen",2021-06-28 13:45:00,2.9,19.0,11.0,260.0,4.0,364.0,6.0,2.94,1.44,2.9,440.0,,,8.0,8.0,5.03,0.11434,0.0103
40356,GLO1,"Glomma, Sarpsfossen",2021-07-06 14:10:00,3.4,23.0,10.0,230.0,3.0,361.0,4.6,2.98,1.42,3.6,420.0,,,7.0,9.0,3.74,0.13474,0.012244
40356,GLO1,"Glomma, Sarpsfossen",2021-08-09 12:40:00,3.0,17.0,2.0,290.0,11.0,417.0,9.4,3.45,1.19,3.1,380.0,,,8.1,23.0,8.47,0.112758,0.009598
40356,GLO1,"Glomma, Sarpsfossen",2021-09-07 15:00:00,2.7,15.0,17.0,160.0,4.0,512.0,4.6,2.53,1.13,2.7,320.0,,,6.6,8.0,0.63,0.100698,0.008098
40356,GLO1,"Glomma, Sarpsfossen",2021-10-04 13:15:00,4.9,41.0,2.0,1130.0,43.0,1223.0,36.8,6.09,2.94,5.1,1300.0,,,33.0,64.0,38.9,0.187104,0.0176598
40356,GLO1,"Glomma, Sarpsfossen",2021-11-01 16:15:00,5.3,43.0,2.0,410.0,13.0,678.0,6.0,4.78,1.99,5.4,660.0,,,11.0,18.0,7.99,0.218864,0.022782
40356,GLO1,"Glomma, Sarpsfossen",2021-12-06 14:10:00,3.8,30.0,20.0,350.0,3.0,225.0,5.0,3.94,1.77,3.9,560.0,,,6.8,7.0,2.98,0.1537278,0.014868
40356,GLO1,"Glomma, Sarpsfossen",2022-01-10 14:30:00,2.9,21.0,35.0,460.0,3.0,119.0,1.6,3.73,1.85,2.9,600.0,,,4.0,6.0,1.38,0.117728,0.010872
40356,GLO1,"Glomma, Sarpsfossen",2022-02-07 14:30:00,3.4,26.0,47.0,410.0,30.0,1316.0,26.4,5.36,2.05,3.4,660.0,,,43.0,53.0,33.4,0.13723,0.01443
40356,GLO1,"Glomma, Sarpsfossen",2022-03-07 14:15:00,3.8,30.0,40.0,460.0,10.0,459.0,8.6,4.25,2.08,3.8,600.0,,,10.0,16.0,12.8,0.1564,0.015954
40356,GLO1,"Glomma, Sarpsfossen",2022-04-04 13:45:00,3.6,29.0,6.0,510.0,5.0,242.0,3.6,3.84,1.72,3.7,590.0,,,7.0,9.0,3.05,0.151704,0.014572
40356,GLO1,"Glomma, Sarpsfossen",2022-05-02 15:20:00,4.7,39.0,39.0,340.0,11.0,703.0,9.3,4.17,1.64,4.8,460.0,,,12.0,13.0,4.76,0.203824,0.021028
40356,GLO1,"Glomma, Sarpsfossen",2022-05-16 13:15:00,4.7,37.0,24.0,290.0,3.0,385.0,2.9,3.62,1.83,4.7,420.0,,,7.0,9.0,2.19,0.197942,0.019234
40356,GLO1,"Glomma, Sarpsfossen",2022-05-30 11:10:00,4.0,29.0,16.0,160.0,4.0,408.0,4.6,3.29,1.24,4.0,270.0,,,7.0,9.0,4.05,0.1624938,0.015724
40356,GLO1,"Glomma, Sarpsfossen",2022-06-06 05:45:00,3.3,23.0,16.0,240.0,3.0,429.0,5.0,3.06,1.5,3.3,310.0,,,9.0,9.0,6.0,0.131396,0.011622
40356,GLO1,"Glomma, Sarpsfossen",2022-06-20 12:25:00,2.9,19.0,11.0,280.0,5.0,299.0,4.3,3.07,1.38,3.1,350.0,,,7.0,8.0,4.39,0.11474,0.009468
40356,GLO1,"Glomma, Sarpsfossen",2022-06-27 11:50:00,2.6,15.0,22.0,250.0,4.0,418.0,5.0,2.83,1.33,2.6,350.0,,,8.0,9.0,4.88,0.092328,0.006742
40356,GLO1,"Glomma, Sarpsfossen",2022-07-04 07:00:00,2.6,17.0,5.0,300.0,7.0,320.0,8.6,3.14,1.55,2.7,520.0,,,12.0,14.0,7.11,0.10501,0.009886
40356,GLO1,"Glomma, Sarpsfossen",2022-08-01 08:50:00,2.8,15.0,16.0,260.0,4.0,375.0,4.3,2.94,1.27,2.8,340.0,,,11.0,11.0,4.31,0.096574,0.007772
40356,GLO1,"Glomma, Sarpsfossen",2022-09-06 05:40:00,3.6,25.0,44.0,220.0,2.0,208.0,2.4,2.9,1.3,3.6,360.0,,,5.0,7.0,1.44,0.149682,0.014158
40356,GLO1,"Glomma, Sarpsfossen",2022-10-04 05:50:00,3.2,20.0,14.0,220.0,8.0,1773.0,6.7,3.13,1.35,3.2,460.0,,,6.0,16.0,18.6,0.121954,0.0108
40356,GLO1,"Glomma, Sarpsfossen",2022-11-07 06:20:00,4.8,36.0,24.0,490.0,9.0,451.0,7.9,4.41,2.04,5.0,910.0,,,15.0,21.0,7.22,0.1980102,0.020078
40356,GLO1,"Glomma, Sarpsfossen",2022-12-06 07:00:00,4.4,34.0,11.0,410.0,4.0,242.0,5.0,3.88,1.87,4.4,,510.0,,5.0,8.0,6.61,0.188104,0.018706
40356,GLO1,"Glomma, Sarpsfossen",2023-01-02 05:10:00,4.4,34.0,2.0,590.0,26.0,853.0,22.7,4.24,2.35,4.6,,800.0,,30.0,43.0,24.1,0.185788,0.018692
40356,GLO1,"Glomma, Sarpsfossen",2023-02-06 05:10:00,4.2,31.0,43.0,380.0,5.0,272.0,2.5,4.28,2.04,4.2,,550.0,,7.0,11.0,3.56,0.180616,0.018394
40356,GLO1,"Glomma, Sarpsfossen",2023-03-07 06:10:00,3.6,26.0,40.0,360.0,5.0,269.0,3.6,4.24,1.97,3.6,,550.0,,6.9,12.0,5.04,0.146836,0.014486
40356,GLO1,"Glomma, Sarpsfossen",2023-04-11 05:30:00,3.9,30.0,35.0,420.0,11.0,371.0,10.3,4.71,2.07,3.9,,650.0,,14.0,19.0,9.96,0.144316,0.014138
40356,GLO1,"Glomma, Sarpsfossen",2023-05-02 06:00:00,6.2,52.0,6.0,490.0,19.0,443.0,12.7,5.69,2.43,6.2,,790.0,,20.0,32.0,19.0,0.295416,0.0329356
40356,GLO1,"Glomma, Sarpsfossen",2023-05-22 12:40:00,6.0,46.0,2.0,120.0,10.0,559.0,9.9,3.79,1.86,6.0,,370.0,,13.0,21.0,4.6,0.239644,0.02658
40356,GLO1,"Glomma, Sarpsfossen",2023-05-30 12:40:00,4.1,31.0,2.0,130.0,7.0,544.0,14.0,3.22,1.61,4.3,,340.0,,11.0,17.0,11.9,0.174524,0.018744
40356,GLO1,"Glomma, Sarpsfossen",2023-06-05 04:20:00,3.7,25.0,2.0,170.0,4.0,654.0,4.2,3.28,1.47,3.7,,370.0,,9.5,9.5,5.52,0.145958,0.013788
40356,GLO1,"Glomma, Sarpsfossen",2023-06-14 11:30:00,2.8,17.0,2.0,120.0,4.0,319.0,4.1,3.27,1.48,3.0,,380.0,,7.2,9.6,4.15,0.114042,0.01065
40356,GLO1,"Glomma, Sarpsfossen",2023-06-26 11:00:00,2.5,13.0,2.0,150.0,7.0,204.0,4.5,2.99,1.31,2.5,,380.0,,7.7,9.8,4.49,0.09218,0.008192
40356,GLO1,"Glomma, Sarpsfossen",2023-07-10 05:10:00,2.2,11.0,2.0,130.0,3.0,231.0,3.7,2.75,1.24,2.3,,390.0,,7.9,8.3,3.21,0.077124,0.005808
40356,GLO1,"Glomma, Sarpsfossen",2023-08-09 04:25:00,4.7,28.0,2.0,260.0,16.0,697.0,18.5,3.92,1.74,4.8,,560.0,,17.0,26.0,27.0,0.197516,0.019732
40356,GLO1,"Glomma, Sarpsfossen",2023-08-11 12:45:00,,33.0,18.0,350.0,29.0,,,4.49,1.25,5.1,,640.0,,,51.0,,,
40356,GLO1,"Glomma, Sarpsfossen",2023-08-11 12:50:00,,31.0,19.0,350.0,32.0,,,4.94,1.3,5.0,,640.0,,,51.0,,,
40356,GLO1,"Glomma, Sarpsfossen",2023-08-11 13:00:00,,,20.0,350.0,32.0,,,4.9,1.25,5.1,,640.0,,,52.0,,,
40356,GLO1,"Glomma, Sarpsfossen",2023-08-11 13:01:00,4.9,,,,,698.0,31.5,,,,,,,,,,0.212064,0.02177
40356,GLO1,"Glomma, Sarpsfossen",2023-08-29 10:00:00,6.3,49.0,2.0,,19.0,725.0,16.0,4.26,1.99,6.6,,530.0,,,33.0,,0.263328,0.028188
40356,GLO1,"Glomma, Sarpsfossen",2023-08-29 10:05:00,6.4,51.0,2.0,,19.0,601.0,15.1,3.8,2.0,6.6,,530.0,,,32.0,,0.243048,0.0257
40356,GLO1,"Glomma, Sarpsfossen",2023-08-29 10:10:00,6.4,50.0,2.0,,19.0,627.0,15.7,3.79,2.03,6.7,,520.0,,,33.0,,0.257472,0.027976
40356,GLO1,"Glomma, Sarpsfossen",2023-09-05 05:35:00,5.6,44.0,3.0,,8.0,398.0,7.7,3.81,1.7,5.4,,400.0,,12.0,15.0,7.96,0.232882,0.023306
40356,GLO1,"Glomma, Sarpsfossen",2023-10-03 04:50:00,6.0,48.0,2.0,,7.0,339.0,5.3,4.02,1.87,6.2,,510.0,,10.0,13.0,4.98,0.259816,0.02622
40356,GLO1,"Glomma, Sarpsfossen",2023-11-07 06:45:00,5.4,44.0,2.0,,7.0,359.0,5.0,4.28,2.09,5.6,,640.0,,12.0,16.0,5.82,0.224148,0.021984
40356,GLO1,"Glomma, Sarpsfossen",2023-12-04 06:00:00,5.6,44.0,2.0,,6.0,296.0,4.1,4.65,2.31,5.8,,620.0,,6.8,12.0,3.87,0.238136,0.024478
40356,GLO1,"Glomma, Sarpsfossen",2024-01-10 12:45:00,3.6,22.0,2.0,420.0,3.0,144.0,2.0,4.14,1.86,3.7,,560.0,,3.2,5.1,1.08,0.134814,0.0129478
40356,GLO1,"Glomma, Sarpsfossen",2024-02-05 11:50:00,4.1,33.0,2.0,470.0,19.0,331.0,11.0,4.76,2.06,4.1,,650.0,,11.0,32.0,5.94,0.16664,0.016486
40356,GLO1,"Glomma, Sarpsfossen",2024-03-04 06:40:00,4.7,38.0,62.0,570.0,29.0,669.0,22.6,5.38,2.58,4.9,,870.0,,31.0,44.0,26.6,0.19458,0.0200018
40356,GLO1,"Glomma, Sarpsfossen",2024-04-02 05:30:00,5.5,48.0,41.0,520.0,20.0,476.0,17.3,5.7,2.51,5.5,,800.0,,21.0,31.0,18.5,0.238284,0.024364
40356,GLO1,"Glomma, Sarpsfossen",2024-05-06 13:00:00,4.9,39.0,23.0,290.0,6.0,269.0,6.0,4.27,1.89,5.1,,480.0,,9.2,11.0,6.08,0.211732,0.021776
40356,GLO1,"Glomma, Sarpsfossen",2024-05-13 12:10:00,5.5,46.0,15.0,190.0,7.0,305.0,7.6,4.03,1.68,5.6,,390.0,,8.8,12.0,8.44,0.243688,0.02485
40356,GLO1,"Glomma, Sarpsfossen",2024-05-22 12:00:00,3.8,27.0,10.0,180.0,6.0,264.0,6.0,3.28,1.45,3.8,,320.0,,8.7,11.0,7.29,0.15311,0.014622
40356,GLO1,"Glomma, Sarpsfossen",2024-06-03 04:20:00,3.0,19.0,8.0,290.0,5.0,258.0,4.1,3.15,1.5,3.0,,420.0,,7.8,7.9,4.42,0.11316,0.009802
40356,GLO1,"Glomma, Sarpsfossen",2024-06-12 15:15:00,3.0,17.0,13.0,330.0,4.0,264.0,5.4,3.18,1.39,3.0,,480.0,,9.0,11.0,1.0,0.10975,0.009882
40356,GLO1,"Glomma, Sarpsfossen",2024-06-20 11:30:00,3.8,24.0,9.0,320.0,4.0,260.0,4.2,3.23,1.49,3.7,,470.0,,8.5,11.0,4.63,0.144246,0.01371
40356,GLO1,"Glomma, Sarpsfossen",2024-07-15 15:20:00,2.9,17.0,23.0,290.0,9.0,358.0,8.2,3.33,1.52,2.9,,470.0,,12.0,18.0,6.58,0.111186,0.010082
40356,GLO1,"Glomma, Sarpsfossen",2024-08-13 13:45:00,4.4,32.0,12.0,190.0,5.0,370.0,7.0,3.02,1.34,4.4,,360.0,,9.0,12.0,5.73,0.184576,0.017648
